2074,86400,0,0,0,0,0,0,0,0,0,0
2074,86430,0,0,0,0,0,0,0,0,0,0
2074,86460,0,0,0,0,0,0,0,0,0,0
2074,86490,0,0,0,0,0,0,0,0,0,0
2074,86520,0,0,0,0,0,0,0,0,0,0
2074,86550,0,0,0,0,0,0,0,0,0,0
2074,86580,0,0,0,0,0,0,0,0,0,0
2074,86610,0,0,0,0,0,0,0,0,0,0
2074,86640,0,0,0,0,0,0,0,0,0,0
2074,86670,0,0,0,0,0,0,0,0,0,0
2074,86700,0,0,0,0,0,0,0,0,0,0
2074,86730,0,0,0,0,0,0,0,0,0,0
2074,86760,0,0,0,0,0,0,0,0,0,0
2074,86790,0,0,0,0,0,0,0,0,0,0
2074,86820,0,0,0,0,0,0,0,0,0,0
2074,86850,0,0,0,0,0,0,0,0,0,0
2074,86880,0,0,0,0,0,0,0,0,0,0
2074,86910,0,0,0,0,0,0,0,0,0,0
2074,86940,0,0,0,0,0,0,0,0,0,0
2074,86970,0,0,0,0,0,0,0,0,0,0
2074,87000,0,0,0,0,0,0,0,0,0,0
2074,87030,0,0,0,0,0,0,0,0,0,0
2074,87060,0,0,0,0,0,0,0,0,0,0
2074,87090,0,0,0,0,0,0,0,0,0,0
2074,87120,0,0,0,0,0,0,0,0,0,0
2074,87150,0,0,0,0,0,0,0,0,0,0
2074,87180,0,0,0,0,0,0,0,0,0,0
2074,87210,0,0,0,0,0,0,0,0,0,0
2074,87240,0,0,0,0,0,0,0,0,0,0
2074,87270,0,0,0,0,0,0,0,0,0,0
2074,87300,0,0,0,0,0,0,0,0,0,0
2074,87330,0,0,0,0,0,0,0,0,0,0
2074,87360,0,0,0,0,0,0,0,0,0,0
2074,87390,0,0,0,0,0,0,0,0,0,0
2074,87420,0,0,0,0,0,0,0,0,0,0
2074,87450,0,0,0,0,0,0,0,0,0,0
2074,87480,0,0,0,0,0,0,0,0,0,0
2074,87510,0,0,0,0,0,0,0,0,0,0
2074,87540,0,0,0,0,0,0,0,0,0,0
2074,87570,0,0,0,0,0,0,0,0,0,0
2074,87600,0,0,0,0,0,0,0,0,0,0
2074,87630,0,0,0,0,0,0,0,0,0,0
2074,87660,0,0,0,0,0,0,0,0,0,0
2074,87690,0,0,0,0,0,0,0,0,0,0
2074,87720,0,0,0,0,0,0,0,0,0,0
2074,87750,0,0,0,0,0,0,0,0,0,0
2074,87780,0,0,0,0,0,0,0,0,0,0
2074,87810,0,0,0,0,0,0,0,0,0,0
2074,87840,0,0,0,0,0,0,0,0,0,0
2074,87870,0,0,0,0,0,0,0,0,0,0
2074,87900,0,0,0,0,0,0,0,0,0,0
2074,87930,0,0,0,0,0,0,0,0,0,0
2074,87960,0,0,0,0,0,0,0,0,0,0
2074,87990,0,0,0,0,0,0,0,0,0,0
2074,88020,0,0,0,0,0,0,0,0,0,0
2074,88050,0,0,0,0,0,0,0,0,0,0
2074,88080,0,0,0,0,0,0,0,0,0,0
2074,88110,0,0,0,0,0,0,0,0,0,0
2074,88140,0,0,0,0,0,0,0,0,0,0
2074,88170,0,0,0,0,0,0,0,0,0,0
2074,88200,0,0,0,0,0,0,0,0,0,0
2074,88230,0,0,0,0,0,0,0,0,0,0
2074,88260,0,0,0,0,0,0,0,0,0,0
2074,88290,0,0,0,0,0,0,0,0,0,0
2074,88320,0,0,0,0,0,0,0,0,0,0
2074,88350,0,0,0,0,0,0,0,0,0,0
2074,88380,0,0,0,0,0,0,0,0,0,0
2074,88410,0,0,0,0,0,0,0,0,0,0
2074,88440,0,0,0,0,0,0,0,0,0,0
2074,88470,0,0,0,0,0,0,0,0,0,0
2074,88500,0,0,0,0,0,0,0,0,0,0
2074,88530,0,0,0,0,0,0,0,0,0,0
2074,88560,0,0,0,0,0,0,0,0,0,0
2074,88590,0,0,0,0,0,0,0,0,0,0
2074,88620,0,0,0,0,0,0,0,0,0,0
2074,88650,0,0,0,0,0,0,0,0,0,0
2074,88680,0,0,0,0,0,0,0,0,0,0
2074,88710,0,0,0,0,0,0,0,0,0,0
2074,88740,0,0,0,0,0,0,0,0,0,0
2074,88770,0,0,0,0,0,0,0,0,0,0
2074,88800,0,0,0,0,0,0,0,0,0,0
2074,88830,0,0,0,0,0,0,0,0,0,0
2074,88860,0,0,0,0,0,0,0,0,0,0
2074,88890,0,0,0,0,0,0,0,0,0,0
2074,88920,0,0,0,0,0,0,0,0,0,0
2074,88950,0,0,0,0,0,0,0,0,0,0
2074,88980,0,0,0,0,0,0,0,0,0,0
2074,89010,0,0,0,0,0,0,0,0,0,0
2074,89040,0,0,0,0,0,0,0,0,0,0
2074,89070,0,0,0,0,0,0,0,0,0,0
2074,89100,0,0,0,0,0,0,0,0,0,0
2074,89130,0,0,0,0,0,0,0,0,0,0
2074,89160,0,0,0,0,0,0,0,0,0,0
2074,89190,0,0,0,0,0,0,0,0,0,0
2074,89220,0,0,0,0,0,0,0,0,0,0
2074,89250,0,0,0,0,0,0,0,0,0,0
2074,89280,0,0,0,0,0,0,0,0,0,0
2074,89310,0,0,0,0,0,0,0,0,0,0
2074,89340,0,0,0,0,0,0,0,0,0,0
2074,89370,0,0,0,0,0,0,0,0,0,0
2074,89400,0,0,0,0,0,0,0,0,0,0
2074,89430,0,0,0,0,0,0,0,0,0,0
2074,89460,0,0,0,0,0,0,0,0,0,0
2074,89490,0,0,0,0,0,0,0,0,0,0
2074,89520,0,0,0,0,0,0,0,0,0,0
2074,89550,0,0,0,0,0,0,0,0,0,0
2074,89580,0,0,0,0,0,0,0,0,0,0
2074,89610,0,0,0,0,0,0,0,0,0,0
2074,89640,0,0,0,0,0,0,0,0,0,0
2074,89670,0,0,0,0,0,0,0,0,0,0
2074,89700,0,0,0,0,0,0,0,0,0,0
2074,89730,0,0,0,0,0,0,0,0,0,0
2074,89760,0,0,0,0,0,0,0,0,0,0
2074,89790,0,0,0,0,0,0,0,0,0,0
2074,89820,0,0,0,0,0,0,0,0,0,0
2074,89850,0,0,0,0,0,0,0,0,0,0
2074,89880,0,0,0,0,0,0,0,0,0,0
2074,89910,0,0,0,0,0,0,0,0,0,0
2074,89940,0,0,0,0,0,0,0,0,0,0
2074,89970,0,0,0,0,0,0,0,0,0,0
2074,90000,0,0,0,0,0,0,0,0,0,0
2074,90030,0,0,0,0,0,0,0,0,0,0
2074,90060,0,0,0,0,0,0,0,0,0,0
2074,90090,0,0,0,0,0,0,0,0,0,0
2074,90120,0,0,0,0,0,0,0,0,0,0
2074,90150,0,0,0,0,0,0,0,0,0,0
2074,90180,0,0,0,0,0,0,0,0,0,0
2074,90210,0,0,0,0,0,0,0,0,0,0
2074,90240,0,0,0,0,0,0,0,0,0,0
2074,90270,0,0,0,0,0,0,0,0,0,0
2074,90300,0,0,0,0,0,0,0,0,0,0
2074,90330,0,0,0,0,0,0,0,0,0,0
2074,90360,0,0,0,0,0,0,0,0,0,0
2074,90390,0,0,0,0,0,0,0,0,0,0
2074,90420,0,0,0,0,0,0,0,0,0,0
2074,90450,0,0,0,0,0,0,0,0,0,0
2074,90480,0,0,0,0,0,0,0,0,0,0
2074,90510,0,0,0,0,0,0,0,0,0,0
2074,90540,0,0,0,0,0,0,0,0,0,0
2074,90570,0,0,0,0,0,0,0,0,0,0
2074,90600,0,0,0,0,0,0,0,0,0,0
2074,90630,0,0,0,0,0,0,0,0,0,0
2074,90660,0,0,0,0,0,0,0,0,0,0
2074,90690,0,0,0,0,0,0,0,0,0,0
2074,90720,0,0,0,0,0,0,0,0,0,0
2074,90750,0,0,0,0,0,0,0,0,0,0
2074,90780,0,0,0,0,0,0,0,0,0,0
2074,90810,0,0,0,0,0,0,0,0,0,0
2074,90840,0,0,0,0,0,0,0,0,0,0
2074,90870,0,0,0,0,0,0,0,0,0,0
2074,90900,0,0,0,0,0,0,0,0,0,0
2074,90930,0,0,0,0,0,0,0,0,0,0
2074,90960,0,0,0,0,0,0,0,0,0,0
2074,90990,0,0,0,0,0,0,0,0,0,0
2074,91020,0,0,0,0,0,0,0,0,0,0
2074,91050,0,0,0,0,0,0,0,0,0,0
2074,91080,0,0,0,0,0,0,0,0,0,0
2074,91110,0,0,0,0,0,0,0,0,0,0
2074,91140,0,0,0,0,0,0,0,0,0,0
2074,91170,0,0,0,0,0,0,0,0,0,0
2074,91200,0,0,0,0,0,0,0,0,0,0
2074,91230,0,0,0,0,0,0,0,0,0,0
2074,91260,0,0,0,0,0,0,0,0,0,0
2074,91290,0,0,0,0,0,0,0,0,0,0
2074,91320,0,0,0,0,0,0,0,0,0,0
2074,91350,0,0,0,0,0,0,0,0,0,0
2074,91380,0,0,0,0,0,0,0,0,0,0
2074,91410,0,0,0,0,0,0,0,0,0,0
2074,91440,0,0,0,0,0,0,0,0,0,0
2074,91470,0,0,0,0,0,0,0,0,0,0
2074,91500,0,0,0,0,0,0,0,0,0,0
2074,91530,0,0,0,0,0,0,0,0,0,0
2074,91560,0,0,0,0,0,0,0,0,0,0
2074,91590,0,0,0,0,0,0,0,0,0,0
2074,91620,0,0,0,0,0,0,0,0,0,0
2074,91650,0,0,0,0,0,0,0,0,0,0
2074,91680,0,0,0,0,0,0,0,0,0,0
2074,91710,0,0,0,0,0,0,0,0,0,0
2074,91740,0,0,0,0,0,0,0,0,0,0
2074,91770,0,0,0,0,0,0,0,0,0,0
2074,91800,0,0,0,0,0,0,0,0,0,0
2074,91830,0,0,0,0,0,0,0,0,0,0
2074,91860,0,0,0,0,0,0,0,0,0,0
2074,91890,0,0,0,0,0,0,0,0,0,0
2074,91920,0,0,0,0,0,0,0,0,0,0
2074,91950,0,0,0,0,0,0,0,0,0,0
2074,91980,0,0,0,0,0,0,0,0,0,0
2074,92010,0,0,0,0,0,0,0,0,0,0
2074,92040,0,0,0,0,0,0,0,0,0,0
2074,92070,0,0,0,0,0,0,0,0,0,0
2074,92100,0,0,0,0,0,0,0,0,0,0
2074,92130,0,0,0,0,0,0,0,0,0,0
2074,92160,0,0,0,0,0,0,0,0,0,0
2074,92190,0,0,0,0,0,0,0,0,0,0
2074,92220,0,0,0,0,0,0,0,0,0,0
2074,92250,0,0,0,0,0,0,0,0,0,0
2074,92280,0,0,0,0,0,0,0,0,0,0
2074,92310,0,0,0,0,0,0,0,0,0,0
2074,92340,0,0,0,0,0,0,0,0,0,0
2074,92370,0,0,0,0,0,0,0,0,0,0
2074,92400,0,0,0,0,0,0,0,0,0,0
2074,92430,0,0,0,0,0,0,0,0,0,0
2074,92460,0,0,0,0,0,0,0,0,0,0
2074,92490,0,0,0,0,0,0,0,0,0,0
2074,92520,0,0,0,0,0,0,0,0,0,0
2074,92550,0,0,0,0,0,0,0,0,0,0
2074,92580,0,0,0,0,0,0,0,0,0,0
2074,92610,0,0,0,0,0,0,0,0,0,0
2074,92640,0,0,0,0,0,0,0,0,0,0
2074,92670,0,0,0,0,0,0,0,0,0,0
2074,92700,0,0,0,0,0,0,0,0,0,0
2074,92730,0,0,0,0,0,0,0,0,0,0
2074,92760,0,0,0,0,0,0,0,0,0,0
2074,92790,0,0,0,0,0,0,0,0,0,0
2074,92820,0,0,0,0,0,0,0,0,0,0
2074,92850,0,0,0,0,0,0,0,0,0,0
2074,92880,0,0,0,0,0,0,0,0,0,0
2074,92910,0,0,0,0,0,0,0,0,0,0
2074,92940,0,0,0,0,0,0,0,0,0,0
2074,92970,0,0,0,0,0,0,0,0,0,0
2074,93000,0,0,0,0,0,0,0,0,0,0
2074,93030,0,0,0,0,0,0,0,0,0,0
2074,93060,0,0,0,0,0,0,0,0,0,0
2074,93090,0,0,0,0,0,0,0,0,0,0
2074,93120,0,0,0,0,0,0,0,0,0,0
2074,93150,0,0,0,0,0,0,0,0,0,0
2074,93180,0,0,0,0,0,0,0,0,0,0
2074,93210,0,0,0,0,0,0,0,0,0,0
2074,93240,0,0,0,0,0,0,0,0,0,0
2074,93270,0,0,0,0,0,0,0,0,0,0
2074,93300,0,0,0,0,0,0,0,0,0,0
2074,93330,0,0,0,0,0,0,0,0,0,0
2074,93360,0,0,0,0,0,0,0,0,0,0
2074,93390,0,0,0,0,0,0,0,0,0,0
2074,93420,0,0,0,0,0,0,0,0,0,0
2074,93450,0,0,0,0,0,0,0,0,0,0
2074,93480,0,0,0,0,0,0,0,0,0,0
2074,93510,0,0,0,0,0,0,0,0,0,0
2074,93540,0,0,0,0,0,0,0,0,0,0
2074,93570,0,0,0,0,0,0,0,0,0,0
2074,93600,0,0,0,0,0,0,0,0,0,0
2074,93630,0,0,0,0,0,0,0,0,0,0
2074,93660,0,0,0,0,0,0,0,0,0,0
2074,93690,0,0,0,0,0,0,0,0,0,0
2074,93720,0,0,0,0,0,0,0,0,0,0
2074,93750,0,0,0,0,0,0,0,0,0,0
2074,93780,0,0,0,0,0,0,0,0,0,0
2074,93810,0,0,0,0,0,0,0,0,0,0
2074,93840,0,0,0,0,0,0,0,0,0,0
2074,93870,0,0,0,0,0,0,0,0,0,0
2074,93900,0,0,0,0,0,0,0,0,0,0
2074,93930,0,0,0,0,0,0,0,0,0,0
2074,93960,0,0,0,0,0,0,0,0,0,0
2074,93990,0,0,0,0,0,0,0,0,0,0
2074,94020,0,0,0,0,0,0,0,0,0,0
2074,94050,0,0,0,0,0,0,0,0,0,0
2074,94080,0,0,0,0,0,0,0,0,0,0
2074,94110,0,0,0,0,0,0,0,0,0,0
2074,94140,0,0,0,0,0,0,0,0,0,0
2074,94170,0,0,0,0,0,0,0,0,0,0
2074,94200,0,0,0,0,0,0,0,0,0,0
2074,94230,0,0,0,0,0,0,0,0,0,0
2074,94260,0,0,0,0,0,0,0,0,0,0
2074,94290,0,0,0,0,0,0,0,0,0,0
2074,94320,0,0,0,0,0,0,0,0,0,0
2074,94350,0,0,0,0,0,0,0,0,0,0
2074,94380,0,0,0,0,0,0,0,0,0,0
2074,94410,0,0,0,0,0,0,0,0,0,0
2074,94440,0,0,0,0,0,0,0,0,0,0
2074,94470,0,0,0,0,0,0,0,0,0,0
2074,94500,0,0,0,0,0,0,0,0,0,0
2074,94530,0,0,0,0,0,0,0,0,0,0
2074,94560,0,0,0,0,0,0,0,0,0,0
2074,94590,0,0,0,0,0,0,0,0,0,0
2074,94620,0,0,0,0,0,0,0,0,0,0
2074,94650,0,0,0,0,0,0,0,0,0,0
2074,94680,0,0,0,0,0,0,0,0,0,0
2074,94710,0,0,0,0,0,0,0,0,0,0
2074,94740,0,0,0,0,0,0,0,0,0,0
2074,94770,0,0,0,0,0,0,0,0,0,0
2074,94800,0,0,0,0,0,0,0,0,0,0
2074,94830,0,0,0,0,0,0,0,0,0,0
2074,94860,0,0,0,0,0,0,0,0,0,0
2074,94890,0,0,0,0,0,0,0,0,0,0
2074,94920,0,0,0,0,0,0,0,0,0,0
2074,94950,0,0,0,0,0,0,0,0,0,0
2074,94980,0,0,0,0,0,0,0,0,0,0
2074,95010,0,0,0,0,0,0,0,0,0,0
2074,95040,0,0,0,0,0,0,0,0,0,0
2074,95070,0,0,0,0,0,0,0,0,0,0
2074,95100,0,0,0,0,0,0,0,0,0,0
2074,95130,0,0,0,0,0,0,0,0,0,0
2074,95160,0,0,0,0,0,0,0,0,0,0
2074,95190,0,0,0,0,0,0,0,0,0,0
2074,95220,0,0,0,0,0,0,0,0,0,0
2074,95250,0,0,0,0,0,0,0,0,0,0
2074,95280,0,0,0,0,0,0,0,0,0,0
2074,95310,0,0,0,0,0,0,0,0,0,0
2074,95340,0,0,0,0,0,0,0,0,0,0
2074,95370,0,0,0,0,0,0,0,0,0,0
2074,95400,0,0,0,0,0,0,0,0,0,0
2074,95430,0,0,0,0,0,0,0,0,0,0
2074,95460,0,0,0,0,0,0,0,0,0,0
2074,95490,0,0,0,0,0,0,0,0,0,0
2074,95520,0,0,0,0,0,0,0,0,0,0
2074,95550,0,0,0,0,0,0,0,0,0,0
2074,95580,0,0,0,0,0,0,0,0,0,0
2074,95610,0,0,0,0,0,0,0,0,0,0
2074,95640,0,0,0,0,0,0,0,0,0,0
2074,95670,0,0,0,0,0,0,0,0,0,0
2074,95700,0,0,0,0,0,0,0,0,0,0
2074,95730,0,0,0,0,0,0,0,0,0,0
2074,95760,0,0,0,0,0,0,0,0,0,0
2074,95790,0,0,0,0,0,0,0,0,0,0
2074,95820,0,0,0,0,0,0,0,0,0,0
2074,95850,0,0,0,0,0,0,0,0,0,0
2074,95880,0,0,0,0,0,0,0,0,0,0
2074,95910,0,0,0,0,0,0,0,0,0,0
2074,95940,0,0,0,0,0,0,0,0,0,0
2074,95970,0,0,0,0,0,0,0,0,0,0
2074,96000,0,0,0,0,0,0,0,0,0,0
2074,96030,0,0,0,0,0,0,0,0,0,0
2074,96060,0,0,0,0,0,0,0,0,0,0
2074,96090,0,0,0,0,0,0,0,0,0,0
2074,96120,0,0,0,0,0,0,0,0,0,0
2074,96150,0,0,0,0,0,0,0,0,0,0
2074,96180,0,0,0,0,0,0,0,0,0,0
2074,96210,0,0,0,0,0,0,0,0,0,0
2074,96240,0,0,0,0,0,0,0,0,0,0
2074,96270,0,0,0,0,0,0,0,0,0,0
2074,96300,0,0,0,0,0,0,0,0,0,0
2074,96330,0,0,0,0,0,0,0,0,0,0
2074,96360,0,0,0,0,0,0,0,0,0,0
2074,96390,0,0,0,0,0,0,0,0,0,0
2074,96420,0,0,0,0,0,0,0,0,0,0
2074,96450,0,0,0,0,0,0,0,0,0,0
2074,96480,0,0,0,0,0,0,0,0,0,0
2074,96510,0,0,0,0,0,0,0,0,0,0
2074,96540,0,0,0,0,0,0,0,0,0,0
2074,96570,0,0,0,0,0,0,0,0,0,0
2074,96600,0,0,0,0,0,0,0,0,0,0
2074,96630,0,0,0,0,0,0,0,0,0,0
2074,96660,0,0,0,0,0,0,0,0,0,0
2074,96690,0,0,0,0,0,0,0,0,0,0
2074,96720,0,0,0,0,0,0,0,0,0,0
2074,96750,0,0,0,0,0,0,0,0,0,0
2074,96780,0,0,0,0,0,0,0,0,0,0
2074,96810,0,0,0,0,0,0,0,0,0,0
2074,96840,0,0,0,0,0,0,0,0,0,0
2074,96870,0,0,0,0,0,0,0,0,0,0
2074,96900,0,0,0,0,0,0,0,0,0,0
2074,96930,0,0,0,0,0,0,0,0,0,0
2074,96960,0,0,0,0,0,0,0,0,0,0
2074,96990,0,0,0,0,0,0,0,0,0,0
2074,97020,0,0,0,0,0,0,0,0,0,0
2074,97050,0,0,0,0,0,0,0,0,0,0
2074,97080,0,0,0,0,0,0,0,0,0,0
2074,97110,0,0,0,0,0,0,0,0,0,0
2074,97140,0,0,0,0,0,0,0,0,0,0
2074,97170,0,0,0,0,0,0,0,0,0,0
2074,97200,0,0,0,0,0,0,0,0,0,0
2074,97230,0,0,0,0,0,0,0,0,0,0
2074,97260,0,0,0,0,0,0,0,0,0,0
2074,97290,0,0,0,0,0,0,0,0,0,0
2074,97320,0,0,0,0,0,0,0,0,0,0
2074,97350,0,0,0,0,0,0,0,0,0,0
2074,97380,0,0,0,0,0,0,0,0,0,0
2074,97410,0,0,0,0,0,0,0,0,0,0
2074,97440,0,0,0,0,0,0,0,0,0,0
2074,97470,0,0,0,0,0,0,0,0,0,0
2074,97500,0,0,0,0,0,0,0,0,0,0
2074,97530,0,0,0,0,0,0,0,0,0,0
2074,97560,0,0,0,0,0,0,0,0,0,0
2074,97590,0,0,0,0,0,0,0,0,0,0
2074,97620,0,0,0,0,0,0,0,0,0,0
2074,97650,0,0,0,0,0,0,0,0,0,0
2074,97680,0,0,0,0,0,0,0,0,0,0
2074,97710,0,0,0,0,0,0,0,0,0,0
2074,97740,0,0,0,0,0,0,0,0,0,0
2074,97770,0,0,0,0,0,0,0,0,0,0
2074,97800,0,0,0,0,0,0,0,0,0,0
2074,97830,0,0,0,0,0,0,0,0,0,0
2074,97860,0,0,0,0,0,0,0,0,0,0
2074,97890,0,0,0,0,0,0,0,0,0,0
2074,97920,0,0,0,0,0,0,0,0,0,0
2074,97950,0,0,0,0,0,0,0,0,0,0
2074,97980,0,0,0,0,0,0,0,0,0,0
2074,98010,0,0,0,0,0,0,0,0,0,0
2074,98040,0,0,0,0,0,0,0,0,0,0
2074,98070,0,0,0,0,0,0,0,0,0,0
2074,98100,0,0,0,0,0,0,0,0,0,0
2074,98130,0,0,0,0,0,0,0,0,0,0
2074,98160,0,0,0,0,0,0,0,0,0,0
2074,98190,0,0,0,0,0,0,0,0,0,0
2074,98220,0,0,0,0,0,0,0,0,0,0
2074,98250,0,0,0,0,0,0,0,0,0,0
2074,98280,0,0,0,0,0,0,0,0,0,0
2074,98310,0,0,0,0,0,0,0,0,0,0
2074,98340,0,0,0,0,0,0,0,0,0,0
2074,98370,0,0,0,0,0,0,0,0,0,0
2074,98400,0,0,0,0,0,0,0,0,0,0
2074,98430,0,0,0,0,0,0,0,0,0,0
2074,98460,0,0,0,0,0,0,0,0,0,0
2074,98490,0,0,0,0,0,0,0,0,0,0
2074,98520,0,0,0,0,0,0,0,0,0,0
2074,98550,0,0,0,0,0,0,0,0,0,0
2074,98580,0,0,0,0,0,0,0,0,0,0
2074,98610,0,0,0,0,0,0,0,0,0,0
2074,98640,0,0,0,0,0,0,0,0,0,0
2074,98670,0,0,0,0,0,0,0,0,0,0
2074,98700,0,0,0,0,0,0,0,0,0,0
2074,98730,0,0,0,0,0,0,0,0,0,0
2074,98760,0,0,0,0,0,0,0,0,0,0
2074,98790,0,0,0,0,0,0,0,0,0,0
2074,98820,0,0,0,0,0,0,0,0,0,0
2074,98850,0,0,0,0,0,0,0,0,0,0
2074,98880,0,0,0,0,0,0,0,0,0,0
2074,98910,0,0,0,0,0,0,0,0,0,0
2074,98940,0,0,0,0,0,0,0,0,0,0
2074,98970,0,0,0,0,0,0,0,0,0,0
2074,99000,0,0,0,0,0,0,0,0,0,0
2074,99030,0,0,0,0,0,0,0,0,0,0
2074,99060,0,0,0,0,0,0,0,0,0,0
2074,99090,0,0,0,0,0,0,0,0,0,0
2074,99120,0,0,0,0,0,0,0,0,0,0
2074,99150,0,0,0,0,0,0,0,0,0,0
2074,99180,0,0,0,0,0,0,0,0,0,0
2074,99210,0,0,0,0,0,0,0,0,0,0
2074,99240,0,0,0,0,0,0,0,0,0,0
2074,99270,0,0,0,0,0,0,0,0,0,0
2074,99300,0,0,0,0,0,0,0,0,0,0
2074,99330,0,0,0,0,0,0,0,0,0,0
2074,99360,0,0,0,0,0,0,0,0,0,0
2074,99390,0,0,0,0,0,0,0,0,0,0
2074,99420,0,0,0,0,0,0,0,0,0,0
2074,99450,0,0,0,0,0,0,0,0,0,0
2074,99480,0,0,0,0,0,0,0,0,0,0
2074,99510,0,0,0,0,0,0,0,0,0,0
2074,99540,0,0,0,0,0,0,0,0,0,0
2074,99570,0,0,0,0,0,0,0,0,0,0
2074,99600,0,0,0,0,0,0,0,0,0,0
2074,99630,0,0,0,0,0,0,0,0,0,0
2074,99660,0,0,0,0,0,0,0,0,0,0
2074,99690,0,0,0,0,0,0,0,0,0,0
2074,99720,0,0,0,0,0,0,0,0,0,0
2074,99750,0,0,0,0,0,0,0,0,0,0
2074,99780,0,0,0,0,0,0,0,0,0,0
2074,99810,0,0,0,0,0,0,0,0,0,0
2074,99840,0,0,0,0,0,0,0,0,0,0
2074,99870,0,0,0,0,0,0,0,0,0,0
2074,99900,0,0,0,0,0,0,0,0,0,0
2074,99930,0,0,0,0,0,0,0,0,0,0
2074,99960,0,0,0,0,0,0,0,0,0,0
2074,99990,0,0,0,0,0,0,0,0,0,0
2074,100020,0,0,0,0,0,0,0,0,0,0
2074,100050,0,0,0,0,0,0,0,0,0,0
2074,100080,0,0,0,0,0,0,0,0,0,0
2074,100110,0,0,0,0,0,0,0,0,0,0
2074,100140,0,0,0,0,0,0,0,0,0,0
2074,100170,0,0,0,0,0,0,0,0,0,0
2074,100200,0,0,0,0,0,0,0,0,0,0
2074,100230,0,0,0,0,0,0,0,0,0,0
2074,100260,0,0,0,0,0,0,0,0,0,0
2074,100290,0,0,0,0,0,0,0,0,0,0
2074,100320,0,0,0,0,0,0,0,0,0,0
2074,100350,0,0,0,0,0,0,0,0,0,0
2074,100380,0,0,0,0,0,0,0,0,0,0
2074,100410,0,0,0,0,0,0,0,0,0,0
2074,100440,0,0,0,0,0,0,0,0,0,0
2074,100470,0,0,0,0,0,0,0,0,0,0
2074,100500,0,0,0,0,0,0,0,0,0,0
2074,100530,0,0,0,0,0,0,0,0,0,0
2074,100560,0,0,0,0,0,0,0,0,0,0
2074,100590,0,0,0,0,0,0,0,0,0,0
2074,100620,0,0,0,0,0,0,0,0,0,0
2074,100650,0,0,0,0,0,0,0,0,0,0
2074,100680,0,0,0,0,0,0,0,0,0,0
2074,100710,0,0,0,0,0,0,0,0,0,0
2074,100740,0,0,0,0,0,0,0,0,0,0
2074,100770,0,0,0,0,0,0,0,0,0,0
2074,100800,0,0,0,0,0,0,0,0,0,0
2074,100830,0,0,0,0,0,0,0,0,0,0
2074,100860,0,0,0,0,0,0,0,0,0,0
2074,100890,0,0,0,0,0,0,0,0,0,0
2074,100920,0,0,0,0,0,0,0,0,0,0
2074,100950,0,0,0,0,0,0,0,0,0,0
2074,100980,0,0,0,0,0,0,0,0,0,0
2074,101010,0,0,0,0,0,0,0,0,0,0
2074,101040,0,0,0,0,0,0,0,0,0,0
2074,101070,0,0,0,0,0,0,0,0,0,0
2074,101100,0,0,0,0,0,0,0,0,0,0
2074,101130,0,0,0,0,0,0,0,0,0,0
2074,101160,0,0,0,0,0,0,0,0,0,0
2074,101190,0,0,0,0,0,0,0,0,0,0
2074,101220,0,0,0,0,0,0,0,0,0,0
2074,101250,0,0,0,0,0,0,0,0,0,0
2074,101280,0,0,0,0,0,0,0,0,0,0
2074,101310,0,0,0,0,0,0,0,0,0,0
2074,101340,0,0,0,0,0,0,0,0,0,0
2074,101370,0,0,0,0,0,0,0,0,0,0
2074,101400,0,0,0,0,0,0,0,0,0,0
2074,101430,0,0,0,0,0,0,0,0,0,0
2074,101460,0,0,0,0,0,0,0,0,0,0
2074,101490,0,0,0,0,0,0,0,0,0,0
2074,101520,0,0,0,0,0,0,0,0,0,0
2074,101550,0,0,0,0,0,0,0,0,0,0
2074,101580,0,0,0,0,0,0,0,0,0,0
2074,101610,0,0,0,0,0,0,0,0,0,0
2074,101640,0,0,0,0,0,0,0,0,0,0
2074,101670,0,0,0,0,0,0,0,0,0,0
2074,101700,0,0,0,0,0,0,0,0,0,0
2074,101730,0,0,0,0,0,0,0,0,0,0
2074,101760,0,0,0,0,0,0,0,0,0,0
2074,101790,0,0,0,0,0,0,0,0,0,0
2074,101820,0,0,0,0,0,0,0,0,0,0
2074,101850,0,0,0,0,0,0,0,0,0,0
2074,101880,0,0,0,0,0,0,0,0,0,0
2074,101910,0,0,0,0,0,0,0,0,0,0
2074,101940,0,0,0,0,0,0,0,0,0,0
2074,101970,0,0,0,0,0,0,0,0,0,0
2074,102000,0,0,0,0,0,0,0,0,0,0
2074,102030,0,0,0,0,0,0,0,0,0,0
2074,102060,0,0,0,0,0,0,0,0,0,0
2074,102090,0,0,0,0,0,0,0,0,0,0
2074,102120,0,0,0,0,0,0,0,0,0,0
2074,102150,0,0,0,0,0,0,0,0,0,0
2074,102180,0,0,0,0,0,0,0,0,0,0
2074,102210,0,0,0,0,0,0,0,0,0,0
2074,102240,0,0,0,0,0,0,0,0,0,0
2074,102270,0,0,0,0,0,0,0,0,0,0
2074,102300,0,0,0,0,0,0,0,0,0,0
2074,102330,0,0,0,0,0,0,0,0,0,0
2074,102360,0,0,0,0,0,0,0,0,0,0
2074,102390,0,0,0,0,0,0,0,0,0,0
2074,102420,0,0,0,0,0,0,0,0,0,0
2074,102450,0,0,0,0,0,0,0,0,0,0
2074,102480,0,0,0,0,0,0,0,0,0,0
2074,102510,0,0,0,0,0,0,0,0,0,0
2074,102540,0,0,0,0,0,0,0,0,0,0
2074,102570,0,0,0,0,0,0,0,0,0,0
2074,102600,0,0,0,0,0,0,0,0,0,0
2074,102630,0,0,0,0,0,0,0,0,0,0
2074,102660,0,0,0,0,0,0,0,0,0,0
2074,102690,0,0,0,0,0,0,0,0,0,0
2074,102720,0,0,0,0,0,0,0,0,0,0
2074,102750,0,0,0,0,0,0,0,0,0,0
2074,102780,0,0,0,0,0,0,0,0,0,0
2074,102810,0,0,0,0,0,0,0,0,0,0
2074,102840,0,0,0,0,0,0,0,0,0,0
2074,102870,0,0,0,0,0,0,0,0,0,0
2074,102900,0,0,0,0,0,0,0,0,0,0
2074,102930,0,0,0,0,0,0,0,0,0,0
2074,102960,0,0,0,0,0,0,0,0,0,0
2074,102990,0,0,0,0,0,0,0,0,0,0
2074,103020,0,0,0,0,0,0,0,0,0,0
2074,103050,0,0,0,0,0,0,0,0,0,0
2074,103080,0,0,0,0,0,0,0,0,0,0
2074,103110,0,0,0,0,0,0,0,0,0,0
2074,103140,0,0,0,0,0,0,0,0,0,0
2074,103170,0,0,0,0,0,0,0,0,0,0
2074,103200,0,0,0,0,0,0,0,0,0,0
2074,103230,0,0,0,0,0,0,0,0,0,0
2074,103260,0,0,0,0,0,0,0,0,0,0
2074,103290,0,0,0,0,0,0,0,0,0,0
2074,103320,0,0,0,0,0,0,0,0,0,0
2074,103350,0,0,0,0,0,0,0,0,0,0
2074,103380,0,0,0,0,0,0,0,0,0,0
2074,103410,0,0,0,0,0,0,0,0,0,0
2074,103440,0,0,0,0,0,0,0,0,0,0
2074,103470,0,0,0,0,0,0,0,0,0,0
2074,103500,0,0,0,0,0,0,0,0,0,0
2074,103530,0,0,0,0,0,0,0,0,0,0
2074,103560,0,0,0,0,0,0,0,0,0,0
2074,103590,0,0,0,0,0,0,0,0,0,0
2074,103620,0,0,0,0,0,0,0,0,0,0
2074,103650,0,0,0,0,0,0,0,0,0,0
2074,103680,0,0,0,0,0,0,0,0,0,0
2074,103710,0,0,0,0,0,0,0,0,0,0
2074,103740,0,0,0,0,0,0,0,0,0,0
2074,103770,0,0,0,0,0,0,0,0,0,0
2074,103800,0,0,0,0,0,0,0,0,0,0
2074,103830,0,0,0,0,0,0,0,0,0,0
2074,103860,0,0,0,0,0,0,0,0,0,0
2074,103890,0,0,0,0,0,0,0,0,0,0
2074,103920,0,0,0,0,0,0,0,0,0,0
2074,103950,0,0,0,0,0,0,0,0,0,0
2074,103980,0,0,0,0,0,0,0,0,0,0
2074,104010,0,0,0,0,0,0,0,0,0,0
2074,104040,0,0,0,0,0,0,0,0,0,0
2074,104070,0,0,0,0,0,0,0,0,0,0
2074,104100,0,0,0,0,0,0,0,0,0,0
2074,104130,0,0,0,0,0,0,0,0,0,0
2074,104160,0,0,0,0,0,0,0,0,0,0
2074,104190,0,0,0,0,0,0,0,0,0,0
2074,104220,0,0,0,0,0,0,0,0,0,0
2074,104250,0,0,0,0,0,0,0,0,0,0
2074,104280,0,0,0,0,0,0,0,0,0,0
2074,104310,0,0,0,0,0,0,0,0,0,0
2074,104340,0,0,0,0,0,0,0,0,0,0
2074,104370,0,0,0,0,0,0,0,0,0,0
2074,104400,0,0,0,0,0,0,0,0,0,0
2074,104430,0,0,0,0,0,0,0,0,0,0
2074,104460,0,0,0,0,0,0,0,0,0,0
2074,104490,0,0,0,0,0,0,0,0,0,0
2074,104520,0,0,0,0,0,0,0,0,0,0
2074,104550,0,0,0,0,0,0,0,0,0,0
2074,104580,0,0,0,0,0,0,0,0,0,0
2074,104610,0,0,0,0,0,0,0,0,0,0
2074,104640,0,0,0,0,0,0,0,0,0,0
2074,104670,0,0,0,0,0,0,0,0,0,0
2074,104700,0,0,0,0,0,0,0,0,0,0
2074,104730,0,0,0,0,0,0,0,0,0,0
2074,104760,0,0,0,0,0,0,0,0,0,0
2074,104790,0,0,0,0,0,0,0,0,0,0
2074,104820,0,0,0,0,0,0,0,0,0,0
2074,104850,0,0,0,0,0,0,0,0,0,0
2074,104880,0,0,0,0,0,0,0,0,0,0
2074,104910,0,0,0,0,0,0,0,0,0,0
2074,104940,0,0,0,0,0,0,0,0,0,0
2074,104970,0,0,0,0,0,0,0,0,0,0
2074,105000,0,0,0,0,0,0,0,0,0,0
2074,105030,0,0,0,0,0,0,0,0,0,0
2074,105060,0,0,0,0,0,0,0,0,0,0
2074,105090,0,0,0,0,0,0,0,0,0,0
2074,105120,0,0,0,0,0,0,0,0,0,0
2074,105150,0,0,0,0,0,0,0,0,0,0
2074,105180,0,0,0,0,0,0,0,0,0,0
2074,105210,0,0,0,0,0,0,0,0,0,0
2074,105240,0,0,0,0,0,0,0,0,0,0
2074,105270,0,0,0,0,0,0,0,0,0,0
2074,105300,0,0,0,0,0,0,0,0,0,0
2074,105330,0,0,0,0,0,0,0,0,0,0
2074,105360,0,0,0,0,0,0,0,0,0,0
2074,105390,0,0,0,0,0,0,0,0,0,0
2074,105420,0,0,0,0,0,0,0,0,0,0
2074,105450,0,0,0,0,0,0,0,0,0,0
2074,105480,0,0,0,0,0,0,0,0,0,0
2074,105510,0,0,0,0,0,0,0,0,0,0
2074,105540,0,0,0,0,0,0,0,0,0,0
2074,105570,0,0,0,0,0,0,0,0,0,0
2074,105600,0,0,0,0,0,0,0,0,0,0
2074,105630,0,0,0,0,0,0,0,0,0,0
2074,105660,0,0,0,0,0,0,0,0,0,0
2074,105690,0,0,0,0,0,0,0,0,0,0
2074,105720,0,0,0,0,0,0,0,0,0,0
2074,105750,0,0,0,0,0,0,0,0,0,0
2074,105780,0,0,0,0,0,0,0,0,0,0
2074,105810,0,0,0,0,0,0,0,0,0,0
2074,105840,0,0,0,0,0,0,0,0,0,0
2074,105870,0,0,0,0,0,0,0,0,0,0
2074,105900,0,0,0,0,0,0,0,0,0,0
2074,105930,0,0,0,0,0,0,0,0,0,0
2074,105960,0,0,0,0,0,0,0,0,0,0
2074,105990,0,0,0,0,0,0,0,0,0,0
2074,106020,0,0,0,0,0,0,0,0,0,0
2074,106050,0,0,0,0,0,0,0,0,0,0
2074,106080,0,0,0,0,0,0,0,0,0,0
2074,106110,0,0,0,0,0,0,0,0,0,0
2074,106140,0,0,0,0,0,0,0,0,0,0
2074,106170,0,0,0,0,0,0,0,0,0,0
2074,106200,0,0,0,0,0,0,0,0,0,0
2074,106230,0,0,0,0,0,0,0,0,0,0
2074,106260,0,0,0,0,0,0,0,0,0,0
2074,106290,0,0,0,0,0,0,0,0,0,0
2074,106320,0,0,0,0,0,0,0,0,0,0
2074,106350,0,0,0,0,0,0,0,0,0,0
2074,106380,0,0,0,0,0,0,0,0,0,0
2074,106410,0,0,0,0,0,0,0,0,0,0
2074,106440,0,0,0,0,0,0,0,0,0,0
2074,106470,0,0,0,0,0,0,0,0,0,0
2074,106500,0,0,0,0,0,0,0,0,0,0
2074,106530,0,0,0,0,0,0,0,0,0,0
2074,106560,0,0,0,0,0,0,0,0,0,0
2074,106590,0,0,0,0,0,0,0,0,0,0
2074,106620,0,0,0,0,0,0,0,0,0,0
2074,106650,0,0,0,0,0,0,0,0,0,0
2074,106680,0,0,0,0,0,0,0,0,0,0
2074,106710,0,0,0,0,0,0,0,0,0,0
2074,106740,0,0,0,0,0,0,0,0,0,0
2074,106770,0,0,0,0,0,0,0,0,0,0
2074,106800,0,0,0,0,0,0,0,0,0,0
2074,106830,0,0,0,0,0,0,0,0,0,0
2074,106860,0,0,0,0,0,0,0,0,0,0
2074,106890,0,0,0,0,0,0,0,0,0,0
2074,106920,0,0,0,0,0,0,0,0,0,0
2074,106950,0,0,0,0,0,0,0,0,0,0
2074,106980,0,0,0,0,0,0,0,0,0,0
2074,107010,0,0,0,0,0,0,0,0,0,0
2074,107040,0,0,0,0,0,0,0,0,0,0
2074,107070,0,0,0,0,0,0,0,0,0,0
2074,107100,0,0,0,0,0,0,0,0,0,0
2074,107130,0,0,0,0,0,0,0,0,0,0
2074,107160,0,0,0,0,0,0,0,0,0,0
2074,107190,0,0,0,0,0,0,0,0,0,0
2074,107220,0,0,0,0,0,0,0,0,0,0
2074,107250,0,0,0,0,0,0,0,0,0,0
2074,107280,0,0,0,0,0,0,0,0,0,0
2074,107310,0,0,0,0,0,0,0,0,0,0
2074,107340,0,0,0,0,0,0,0,0,0,0
2074,107370,0,0,0,0,0,0,0,0,0,0
2074,107400,0,0,0,0,0,0,0,0,0,0
2074,107430,0,0,0,0,0,0,0,0,0,0
2074,107460,0,0,0,0,0,0,0,0,0,0
2074,107490,0,0,0,0,0,0,0,0,0,0
2074,107520,0,0,0,0,0,0,0,0,0,0
2074,107550,0,0,0,0,0,0,0,0,0,0
2074,107580,0,0,0,0,0,0,0,0,0,0
2074,107610,0,0,0,0,0,0,0,0,0,0
2074,107640,0,0,0,0,0,0,0,0,0,0
2074,107670,0,0,0,0,0,0,0,0,0,0
2074,107700,0,0,0,0,0,0,0,0,0,0
2074,107730,0,0,0,0,0,0,0,0,0,0
2074,107760,0,0,0,0,0,0,0,0,0,0
2074,107790,0,0,0,0,0,0,0,0,0,0
2074,107820,0,0,0,0,0,0,0,0,0,0
2074,107850,0,0,0,0,0,0,0,0,0,0
2074,107880,0,0,0,0,0,0,0,0,0,0
2074,107910,0,0,0,0,0,0,0,0,0,0
2074,107940,0,0,0,0,0,0,0,0,0,0
2074,107970,0,0,0,0,0,0,0,0,0,0
2074,108000,0,0,0,0,0,0,0,0,0,0
2074,108030,0,0,0,0,0,0,0,0,0,0
2074,108060,0,0,0,0,0,0,0,0,0,0
2074,108090,0,0,0,0,0,0,0,0,0,0
2074,108120,0,0,0,0,0,0,0,0,0,0
2074,108150,0,0,0,0,0,0,0,0,0,0
2074,108180,0,0,0,0,0,0,0,0,0,0
2074,108210,0,0,0,0,0,0,0,0,0,0
2074,108240,0,0,0,0,0,0,0,0,0,0
2074,108270,0,0,0,0,0,0,0,0,0,0
2074,108300,0,0,0,0,0,0,0,0,0,0
2074,108330,0,0,0,0,0,0,0,0,0,0
2074,108360,0,0,0,0,0,0,0,0,0,0
2074,108390,0,0,0,0,0,0,0,0,0,0
2074,108420,0,0,0,0,0,0,0,0,0,0
2074,108450,0,0,0,0,0,0,0,0,0,0
2074,108480,0,0,0,0,0,0,0,0,0,0
2074,108510,0,0,0,0,0,0,0,0,0,0
2074,108540,0,0,0,0,0,0,0,0,0,0
2074,108570,0,0,0,0,0,0,0,0,0,0
2074,108600,0,0,0,0,0,0,0,0,0,0
2074,108630,0,0,0,0,0,0,0,0,0,0
2074,108660,0,0,0,0,0,0,0,0,0,0
2074,108690,0,0,0,0,0,0,0,0,0,0
2074,108720,0,0,0,0,0,0,0,0,0,0
2074,108750,0,0,0,0,0,0,0,0,0,0
2074,108780,0,0,0,0,0,0,0,0,0,0
2074,108810,0,0,0,0,0,0,0,0,0,0
2074,108840,0,0,0,0,0,0,0,0,0,0
2074,108870,0,0,0,0,0,0,0,0,0,0
2074,108900,0,0,0,0,0,0,0,0,0,0
2074,108930,0,0,0,0,0,0,0,0,0,0
2074,108960,0,0,0,0,0,0,0,0,0,0
2074,108990,0,0,0,0,0,0,0,0,0,0
2074,109020,0,0,0,0,0,0,0,0,0,0
2074,109050,0,0,0,0,0,0,0,0,0,0
2074,109080,0,0,0,0,0,0,0,0,0,0
2074,109110,0,0,0,0,0,0,0,0,0,0
2074,109140,0,0,0,0,0,0,0,0,0,0
2074,109170,0,0,0,0,0,0,0,0,0,0
2074,109200,0,0,0,0,0,0,0,0,0,0
2074,109230,0,0,0,0,0,0,0,0,0,0
2074,109260,0,0,0,0,0,0,0,0,0,0
2074,109290,0,0,0,0,0,0,0,0,0,0
2074,109320,0,0,0,0,0,0,0,0,0,0
2074,109350,0,0,0,0,0,0,0,0,0,0
2074,109380,0,0,0,0,0,0,0,0,0,0
2074,109410,0,0,0,0,0,0,0,0,0,0
2074,109440,0,0,0,0,0,0,0,0,0,0
2074,109470,0,0,0,0,0,0,0,0,0,0
2074,109500,0,0,0,0,0,0,0,0,0,0
2074,109530,0,0,0,0,0,0,0,0,0,0
2074,109560,0,0,0,0,0,0,0,0,0,0
2074,109590,0,0,0,0,0,0,0,0,0,0
2074,109620,0,0,0,0,0,0,0,0,0,0
2074,109650,0,0,0,0,0,0,0,0,0,0
2074,109680,0,0,0,0,0,0,0,0,0,0
2074,109710,0,0,0,0,0,0,0,0,0,0
2074,109740,0,0,0,0,0,0,0,0,0,0
2074,109770,0,0,0,0,0,0,0,0,0,0
2074,109800,0,0,0,0,0,0,0,0,0,0
2074,109830,0,0,0,0,0,0,0,0,0,0
2074,109860,0,0,0,0,0,0,0,0,0,0
2074,109890,0,0,0,0,0,0,0,0,0,0
2074,109920,0,0,0,0,0,0,0,0,0,0
2074,109950,0,0,0,0,0,0,0,0,0,0
2074,109980,0,0,0,0,0,0,0,0,0,0
2074,110010,0,0,0,0,0,0,0,0,0,0
2074,110040,0,0,0,0,0,0,0,0,0,0
2074,110070,0,0,0,0,0,0,0,0,0,0
2074,110100,0,0,0,0,0,0,0,0,0,0
2074,110130,0,0,0,0,0,0,0,0,0,0
2074,110160,0,0,0,0,0,0,0,0,0,0
2074,110190,0,0,0,0,0,0,0,0,0,0
2074,110220,0,0,0,0,0,0,0,0,0,0
2074,110250,0,0,0,0,0,0,0,0,0,0
2074,110280,0,0,0,0,0,0,0,0,0,0
2074,110310,0,0,0,0,0,0,0,0,0,0
2074,110340,0,0,0,0,0,0,0,0,0,0
2074,110370,0,0,0,0,0,0,0,0,0,0
2074,110400,0,0,0,0,0,0,0,0,0,0
2074,110430,0,0,0,0,0,0,0,0,0,0
2074,110460,0,0,0,0,0,0,0,0,0,0
2074,110490,0,0,0,0,0,0,0,0,0,0
2074,110520,0,0,0,0,0,0,0,0,0,0
2074,110550,0,0,0,0,0,0,0,0,0,0
2074,110580,0,0,0,0,0,0,0,0,0,0
2074,110610,0,0,0,0,0,0,0,0,0,0
2074,110640,0,0,0,0,0,0,0,0,0,0
2074,110670,0,0,0,0,0,0,0,0,0,0
2074,110700,0,0,0,0,0,0,0,0,0,0
2074,110730,0,0,0,0,0,0,0,0,0,0
2074,110760,0,0,0,0,0,0,0,0,0,0
2074,110790,0,0,0,0,0,0,0,0,0,0
2074,110820,0,0,0,0,0,0,0,0,0,0
2074,110850,0,0,0,0,0,0,0,0,0,0
2074,110880,0,0,0,0,0,0,0,0,0,0
2074,110910,0,0,0,0,0,0,0,0,0,0
2074,110940,0,0,0,0,0,0,0,0,0,0
2074,110970,0,0,0,0,0,0,0,0,0,0
2074,111000,0,0,0,0,0,0,0,0,0,0
2074,111030,0,0,0,0,0,0,0,0,0,0
2074,111060,0,0,0,0,0,0,0,0,0,0
2074,111090,0,0,0,0,0,0,0,0,0,0
2074,111120,0,0,0,0,0,0,0,0,0,0
2074,111150,0,0,0,0,0,0,0,0,0,0
2074,111180,0,0,0,0,0,0,0,0,0,0
2074,111210,0,0,0,0,0,0,0,0,0,0
2074,111240,0,0,0,0,0,0,0,0,0,0
2074,111270,0,0,0,0,0,0,0,0,0,0
2074,111300,0,0,0,0,0,0,0,0,0,0
2074,111330,0,0,0,0,0,0,0,0,0,0
2074,111360,0,0,0,0,0,0,0,0,0,0
2074,111390,0,0,0,0,0,0,0,0,0,0
2074,111420,0,0,0,0,0,0,0,0,0,0
2074,111450,0,0,0,0,0,0,0,0,0,0
2074,111480,0,0,0,0,0,0,0,0,0,0
2074,111510,0,0,0,0,0,0,0,0,0,0
2074,111540,0,0,0,0,0,0,0,0,0,0
2074,111570,0,0,0,0,0,0,0,0,0,0
2074,111600,0,0,0,0,0,0,0,0,0,0
2074,111630,0,0,0,0,0,0,0,0,0,0
2074,111660,0,0,0,0,0,0,0,0,0,0
2074,111690,0,0,0,0,0,0,0,0,0,0
2074,111720,0,0,0,0,0,0,0,0,0,0
2074,111750,0,0,0,0,0,0,0,0,0,0
2074,111780,0,0,0,0,0,0,0,0,0,0
2074,111810,0,0,0,0,0,0,0,0,0,0
2074,111840,0,0,0,0,0,0,0,0,0,0
2074,111870,0,0,0,0,0,0,0,0,0,0
2074,111900,0,0,0,0,0,0,0,0,0,0
2074,111930,0,0,0,0,0,0,0,0,0,0
2074,111960,0,0,0,0,0,0,0,0,0,0
2074,111990,0,0,0,0,0,0,0,0,0,0
2074,112020,0,0,0,0,0,0,0,0,0,0
2074,112050,0,0,0,0,0,0,0,0,0,0
2074,112080,0,0,0,0,0,0,0,0,0,0
2074,112110,0,0,0,0,0,0,0,0,0,0
2074,112140,0,0,0,0,0,0,0,0,0,0
2074,112170,0,0,0,0,0,0,0,0,0,0
2074,112200,0,0,0,0,0,0,0,0,0,0
2074,112230,0,0,0,0,0,0,0,0,0,0
2074,112260,0,0,0,0,0,0,0,0,0,0
2074,112290,0,0,0,0,0,0,0,0,0,0
2074,112320,0,0,0,0,0,0,0,0,0,0
2074,112350,0,0,0,0,0,0,0,0,0,0
2074,112380,0,0,0,0,0,0,0,0,0,0
2074,112410,0,0,0,0,0,0,0,0,0,0
2074,112440,0,0,0,0,0,0,0,0,0,0
2074,112470,0,0,0,0,0,0,0,0,0,0
2074,112500,0,0,0,0,0,0,0,0,0,0
2074,112530,0,0,0,0,0,0,0,0,0,0
2074,112560,0,0,0,0,0,0,0,0,0,0
2074,112590,0,0,0,0,0,0,0,0,0,0
2074,112620,0,0,0,0,0,0,0,0,0,0
2074,112650,0,0,0,0,0,0,0,0,0,0
2074,112680,0,0,0,0,0,0,0,0,0,0
2074,112710,0,0,0,0,0,0,0,0,0,0
2074,112740,0,0,0,0,0,0,0,0,0,0
2074,112770,0,0,0,0,0,0,0,0,0,0
2074,112800,0,0,0,0,0,0,0,0,0,0
2074,112830,0,0,0,0,0,0,0,0,0,0
2074,112860,0,0,0,0,0,0,0,0,0,0
2074,112890,0,0,0,0,0,0,0,0,0,0
2074,112920,0,0,0,0,0,0,0,0,0,0
2074,112950,0,0,0,0,0,0,0,0,0,0
2074,112980,0,0,0,0,0,0,0,0,0,0
2074,113010,0,0,0,0,0,0,0,0,0,0
2074,113040,0,0,0,0,0,0,0,0,0,0
2074,113070,0,0,0,0,0,0,0,0,0,0
2074,113100,0,0,0,0,0,0,0,0,0,0
2074,113130,0,0,0,0,0,0,0,0,0,0
2074,113160,0,0,0,0,0,0,0,0,0,0
2074,113190,0,0,0,0,0,0,0,0,0,0
2074,113220,0,0,0,0,0,0,0,0,0,0
2074,113250,0,0,0,0,0,0,0,0,0,0
2074,113280,0,0,0,0,0,0,0,0,0,0
2074,113310,0,0,0,0,0,0,0,0,0,0
2074,113340,0,0,0,0,0,0,0,0,0,0
2074,113370,0,0,0,0,0,0,0,0,0,0
2074,113400,0,0,0,0,0,0,0,0,0,0
2074,113430,0,0,0,0,0,0,0,0,0,0
2074,113460,0,0,0,0,0,0,0,0,0,0
2074,113490,0,0,0,0,0,0,0,0,0,0
2074,113520,0,0,0,0,0,0,0,0,0,0
2074,113550,0,0,0,0,0,0,0,0,0,0
2074,113580,0,0,0,0,0,0,0,0,0,0
2074,113610,0,0,0,0,0,0,0,0,0,0
2074,113640,0,0,0,0,0,0,0,0,0,0
2074,113670,0,0,0,0,0,0,0,0,0,0
2074,113700,0,0,0,0,0,0,0,0,0,0
2074,113730,0,0,0,0,0,0,0,0,0,0
2074,113760,0,0,0,0,0,0,0,0,0,0
2074,113790,0,0,0,0,0,0,0,0,0,0
2074,113820,0,0,0,0,0,0,0,0,0,0
2074,113850,0,0,0,0,0,0,0,0,0,0
2074,113880,0,0,0,0,0,0,0,0,0,0
2074,113910,0,0,0,0,0,0,0,0,0,0
2074,113940,0,0,0,0,0,0,0,0,0,0
2074,113970,0,0,0,0,0,0,0,0,0,0
2074,114000,0,0,0,0,0,0,0,0,0,0
2074,114030,0,0,0,0,0,0,0,0,0,0
2074,114060,0,0,0,0,0,0,0,0,0,0
2074,114090,0,0,0,0,0,0,0,0,0,0
2074,114120,0,0,0,0,0,0,0,0,0,0
2074,114150,0,0,0,0,0,0,0,0,0,0
2074,114180,0,0,0,0,0,0,0,0,0,0
2074,114210,0,0,0,0,0,0,0,0,0,0
2074,114240,0,0,0,0,0,0,0,0,0,0
2074,114270,0,0,0,0,0,0,0,0,0,0
2074,114300,0,0,0,0,0,0,0,0,0,0
2074,114330,0,0,0,0,0,0,0,0,0,0
2074,114360,0,0,0,0,0,0,0,0,0,0
2074,114390,0,0,0,0,0,0,0,0,0,0
2074,114420,0,0,0,0,0,0,0,0,0,0
2074,114450,0,0,0,0,0,0,0,0,0,0
2074,114480,0,0,0,0,0,0,0,0,0,0
2074,114510,0,0,0,0,0,0,0,0,0,0
2074,114540,0,0,0,0,0,0,0,0,0,0
2074,114570,0,0,0,0,0,0,0,0,0,0
2074,114600,0,0,0,0,0,0,0,0,0,0
2074,114630,0,0,0,0,0,0,0,0,0,0
2074,114660,0,0,0,0,0,0,0,0,0,0
2074,114690,0,0,0,0,0,0,0,0,0,0
2074,114720,0,0,0,0,0,0,0,0,0,0
2074,114750,0,0,0,0,0,0,0,0,0,0
2074,114780,0,0,0,0,0,0,0,0,0,0
2074,114810,0,0,0,0,0,0,0,0,0,0
2074,114840,0,0,0,0,0,0,0,0,0,0
2074,114870,0,0,0,0,0,0,0,0,0,0
2074,114900,0,0,0,0,0,0,0,0,0,0
2074,114930,0,0,0,0,0,0,0,0,0,0
2074,114960,0,0,0,0,0,0,0,0,0,0
2074,114990,0,0,0,0,0,0,0,0,0,0
2074,115020,0,0,0,0,0,0,0,0,0,0
2074,115050,0,0,0,0,0,0,0,0,0,0
2074,115080,0,0,0,0,0,0,0,0,0,0
2074,115110,0,0,0,0,0,0,0,0,0,0
2074,115140,0,0,0,0,0,0,0,0,0,0
2074,115170,0,0,0,0,0,0,0,0,0,0
2074,115200,0,0,0,0,0,0,0,0,0,0
2074,115230,0,0,0,0,0,0,0,0,0,0
2074,115260,0,0,0,0,0,0,0,0,0,0
2074,115290,0,0,0,0,0,0,0,0,0,0
2074,115320,0,0,0,0,0,0,0,0,0,0
2074,115350,0,0,0,0,0,0,0,0,0,0
2074,115380,0,0,0,0,0,0,0,0,0,0
2074,115410,0,0,0,0,0,0,0,0,0,0
2074,115440,0,0,0,0,0,0,0,0,0,0
2074,115470,0,0,0,0,0,0,0,0,0,0
2074,115500,0,0,0,0,0,0,0,0,0,0
2074,115530,0,0,0,0,0,0,0,0,0,0
2074,115560,0,0,0,0,0,0,0,0,0,0
2074,115590,0,0,0,0,0,0,0,0,0,0
2074,115620,0,0,0,0,0,0,0,0,0,0
2074,115650,0,0,0,0,0,0,0,0,0,0
2074,115680,0,0,0,0,0,0,0,0,0,0
2074,115710,0,0,0,0,0,0,0,0,0,0
2074,115740,0,0,0,0,0,0,0,0,0,0
2074,115770,0,0,0,0,0,0,0,0,0,0
2074,115800,0,0,0,0,0,0,0,0,0,0
2074,115830,0,0,0,0,0,0,0,0,0,0
2074,115860,0,0,0,0,0,0,0,0,0,0
2074,115890,0,0,0,0,0,0,0,0,0,0
2074,115920,0,0,0,0,0,0,0,0,0,0
2074,115950,0,0,0,0,0,0,0,0,0,0
2074,115980,0,0,0,0,0,0,0,0,0,0
2074,116010,0,0,0,0,0,0,0,0,0,0
2074,116040,0,0,0,0,0,0,0,0,0,0
2074,116070,0,0,0,0,0,0,0,0,0,0
2074,116100,0,0,0,0,0,0,0,0,0,0
2074,116130,0,0,0,0,0,0,0,0,0,0
2074,116160,0,0,0,0,0,0,0,0,0,0
2074,116190,0,0,0,0,0,0,0,0,0,0
2074,116220,0,0,0,0,0,0,0,0,0,0
2074,116250,0,0,0,0,0,0,0,0,0,0
2074,116280,0,0,0,0,0,0,0,0,0,0
2074,116310,0,0,0,0,0,0,0,0,0,0
2074,116340,0,0,0,0,0,0,0,0,0,0
2074,116370,0,0,0,0,0,0,0,0,0,0
2074,116400,0,0,0,0,0,0,0,0,0,0
2074,116430,0,0,0,0,0,0,0,0,0,0
2074,116460,0,0,0,0,0,0,0,0,0,0
2074,116490,0,0,0,0,0,0,0,0,0,0
2074,116520,0,0,0,0,0,0,0,0,0,0
2074,116550,0,0,0,0,0,0,0,0,0,0
2074,116580,0,0,0,0,0,0,0,0,0,0
2074,116610,0,0,0,0,0,0,0,0,0,0
2074,116640,0,0,0,0,0,0,0,0,0,0
2074,116670,0,0,0,0,0,0,0,0,0,0
2074,116700,0,0,0,0,0,0,0,0,0,0
2074,116730,0,0,0,0,0,0,0,0,0,0
2074,116760,0,0,0,0,0,0,0,0,0,0
2074,116790,0,0,0,0,0,0,0,0,0,0
2074,116820,0,0,0,0,0,0,0,0,0,0
2074,116850,0,0,0,0,0,0,0,0,0,0
2074,116880,0,0,0,0,0,0,0,0,0,0
2074,116910,0,0,0,0,0,0,0,0,0,0
2074,116940,0,0,0,0,0,0,0,0,0,0
2074,116970,0,0,0,0,0,0,0,0,0,0
2074,117000,0,0,0,0,0,0,0,0,0,0
2074,117030,0,0,0,0,0,0,0,0,0,0
2074,117060,0,0,0,0,0,0,0,0,0,0
2074,117090,0,0,0,0,0,0,0,0,0,0
2074,117120,0,0,0,0,0,0,0,0,0,0
2074,117150,0,0,0,0,0,0,0,0,0,0
2074,117180,0,0,0,0,0,0,0,0,0,0
2074,117210,0,0,0,0,0,0,0,0,0,0
2074,117240,0,0,0,0,0,0,0,0,0,0
2074,117270,0,0,0,0,0,0,0,0,0,0
2074,117300,0,0,0,0,0,0,0,0,0,0
2074,117330,0,0,0,0,0,0,0,0,0,0
2074,117360,0,0,0,0,0,0,0,0,0,0
2074,117390,0,0,0,0,0,0,0,0,0,0
2074,117420,0,0,0,0,0,0,0,0,0,0
2074,117450,0,0,0,0,0,0,0,0,0,0
2074,117480,0,0,0,0,0,0,0,0,0,0
2074,117510,0,0,0,0,0,0,0,0,0,0
2074,117540,0,0,0,0,0,0,0,0,0,0
2074,117570,0,0,0,0,0,0,0,0,0,0
2074,117600,0,0,0,0,0,0,0,0,0,0
2074,117630,0,0,0,0,0,0,0,0,0,0
2074,117660,0,0,0,0,0,0,0,0,0,0
2074,117690,0,0,0,0,0,0,0,0,0,0
2074,117720,0,0,0,0,0,0,0,0,0,0
2074,117750,0,0,0,0,0,0,0,0,0,0
2074,117780,0,0,0,0,0,0,0,0,0,0
2074,117810,0,0,0,0,0,0,0,0,0,0
2074,117840,0,0,0,0,0,0,0,0,0,0
2074,117870,0,0,0,0,0,0,0,0,0,0
2074,117900,0,0,0,0,0,0,0,0,0,0
2074,117930,0,0,0,0,0,0,0,0,0,0
2074,117960,0,0,0,0,0,0,0,0,0,0
2074,117990,0,0,0,0,0,0,0,0,0,0
2074,118020,0,0,0,0,0,0,0,0,0,0
2074,118050,0,0,0,0,0,0,0,0,0,0
2074,118080,0,0,0,0,0,0,0,0,0,0
2074,118110,0,0,0,0,0,0,0,0,0,0
2074,118140,0,0,0,0,0,0,0,0,0,0
2074,118170,0,0,0,0,0,0,0,0,0,0
2074,118200,0,0,0,0,0,0,0,0,0,0
2074,118230,0,0,0,0,0,0,0,0,0,0
2074,118260,0,0,0,0,0,0,0,0,0,0
2074,118290,0,0,0,0,0,0,0,0,0,0
2074,118320,0,0,0,0,0,0,0,0,0,0
2074,118350,0,0,0,0,0,0,0,0,0,0
2074,118380,0,0,0,0,0,0,0,0,0,0
2074,118410,0,0,0,0,0,0,0,0,0,0
2074,118440,0,0,0,0,0,0,0,0,0,0
2074,118470,0,0,0,0,0,0,0,0,0,0
2074,118500,0,0,0,0,0,0,0,0,0,0
2074,118530,0,0,0,0,0,0,0,0,0,0
2074,118560,0,0,0,0,0,0,0,0,0,0
2074,118590,0,0,0,0,0,0,0,0,0,0
2074,118620,0,0,0,0,0,0,0,0,0,0
2074,118650,0,0,0,0,0,0,0,0,0,0
2074,118680,0,0,0,0,0,0,0,0,0,0
2074,118710,0,0,0,0,0,0,0,0,0,0
2074,118740,0,0,0,0,0,0,0,0,0,0
2074,118770,0,0,0,0,0,0,0,0,0,0
2074,118800,0,0,0,0,0,0,0,0,0,0
2074,118830,0,0,0,0,0,0,0,0,0,0
2074,118860,0,0,0,0,0,0,0,0,0,0
2074,118890,0,0,0,0,0,0,0,0,0,0
2074,118920,0,0,0,0,0,0,0,0,0,0
2074,118950,0,0,0,0,0,0,0,0,0,0
2074,118980,0,0,0,0,0,0,0,0,0,0
2074,119010,0,0,0,0,0,0,0,0,0,0
2074,119040,0,0,0,0,0,0,0,0,0,0
2074,119070,0,0,0,0,0,0,0,0,0,0
2074,119100,0,0,0,0,0,0,0,0,0,0
2074,119130,0,0,0,0,0,0,0,0,0,0
2074,119160,0,0,0,0,0,0,0,0,0,0
2074,119190,0,0,0,0,0,0,0,0,0,0
2074,119220,0,0,0,0,0,0,0,0,0,0
2074,119250,0,0,0,0,0,0,0,0,0,0
2074,119280,0,0,0,0,0,0,0,0,0,0
2074,119310,0,0,0,0,0,0,0,0,0,0
2074,119340,0,0,0,0,0,0,0,0,0,0
2074,119370,0,0,0,0,0,0,0,0,0,0
2074,119400,0,0,0,0,0,0,0,0,0,0
2074,119430,0,0,0,0,0,0,0,0,0,0
2074,119460,0,0,0,0,0,0,0,0,0,0
2074,119490,0,0,0,0,0,0,0,0,0,0
2074,119520,0,0,0,0,0,0,0,0,0,0
2074,119550,0,0,0,0,0,0,0,0,0,0
2074,119580,0,0,0,0,0,0,0,0,0,0
2074,119610,0,0,0,0,0,0,0,0,0,0
2074,119640,0,0,0,0,0,0,0,0,0,0
2074,119670,0,0,0,0,0,0,0,0,0,0
2074,119700,0,0,0,0,0,0,0,0,0,0
2074,119730,0,0,0,0,0,0,0,0,0,0
2074,119760,0,0,0,0,0,0,0,0,0,0
2074,119790,0,0,0,0,0,0,0,0,0,0
2074,119820,0,0,0,0,0,0,0,0,0,0
2074,119850,0,0,0,0,0,0,0,0,0,0
2074,119880,0,0,0,0,0,0,0,0,0,0
2074,119910,0,0,0,0,0,0,0,0,0,0
2074,119940,0,0,0,0,0,0,0,0,0,0
2074,119970,0,0,0,0,0,0,0,0,0,0
2074,120000,0,0,0,0,0,0,0,0,0,0
2074,120030,0,0,0,0,0,0,0,0,0,0
2074,120060,0,0,0,0,0,0,0,0,0,0
2074,120090,0,0,0,0,0,0,0,0,0,0
2074,120120,0,0,0,0,0,0,0,0,0,0
2074,120150,0,0,0,0,0,0,0,0,0,0
2074,120180,0,0,0,0,0,0,0,0,0,0
2074,120210,0,0,0,0,0,0,0,0,0,0
2074,120240,0,0,0,0,0,0,0,0,0,0
2074,120270,0,0,0,0,0,0,0,0,0,0
2074,120300,0,0,0,0,0,0,0,0,0,0
2074,120330,0,0,0,0,0,0,0,0,0,0
2074,120360,0,0,0,0,0,0,0,0,0,0
2074,120390,0,0,0,0,0,0,0,0,0,0
2074,120420,0,0,0,0,0,0,0,0,0,0
2074,120450,0,0,0,0,0,0,0,0,0,0
2074,120480,0,0,0,0,0,0,0,0,0,0
2074,120510,0,0,0,0,0,0,0,0,0,0
2074,120540,0,0,0,0,0,0,0,0,0,0
2074,120570,0,0,0,0,0,0,0,0,0,0
2074,120600,0,0,0,0,0,0,0,0,0,0
2074,120630,0,0,0,0,0,0,0,0,0,0
2074,120660,0,0,0,0,0,0,0,0,0,0
2074,120690,0,0,0,0,0,0,0,0,0,0
2074,120720,0,0,0,0,0,0,0,0,0,0
2074,120750,0,0,0,0,0,0,0,0,0,0
2074,120780,0,0,0,0,0,0,0,0,0,0
2074,120810,0,0,0,0,0,0,0,0,0,0
2074,120840,0,0,0,0,0,0,0,0,0,0
2074,120870,0,0,0,0,0,0,0,0,0,0
2074,120900,0,0,0,0,0,0,0,0,0,0
2074,120930,0,0,0,0,0,0,0,0,0,0
2074,120960,0,0,0,0,0,0,0,0,0,0
2074,120990,0,0,0,0,0,0,0,0,0,0
2074,121020,0,0,0,0,0,0,0,0,0,0
2074,121050,0,0,0,0,0,0,0,0,0,0
2074,121080,0,0,0,0,0,0,0,0,0,0
2074,121110,0,0,0,0,0,0,0,0,0,0
2074,121140,0,0,0,0,0,0,0,0,0,0
2074,121170,0,0,0,0,0,0,0,0,0,0
2074,121200,0,0,0,0,0,0,0,0,0,0
2074,121230,0,0,0,0,0,0,0,0,0,0
2074,121260,0,0,0,0,0,0,0,0,0,0
2074,121290,0,0,0,0,0,0,0,0,0,0
2074,121320,0,0,0,0,0,0,0,0,0,0
2074,121350,0,0,0,0,0,0,0,0,0,0
2074,121380,0,0,0,0,0,0,0,0,0,0
2074,121410,0,0,0,0,0,0,0,0,0,0
2074,121440,0,0,0,0,0,0,0,0,0,0
2074,121470,0,0,0,0,0,0,0,0,0,0
2074,121500,0,0,0,0,0,0,0,0,0,0
2074,121530,0,0,0,0,0,0,0,0,0,0
2074,121560,0,0,0,0,0,0,0,0,0,0
2074,121590,0,0,0,0,0,0,0,0,0,0
2074,121620,0,0,0,0,0,0,0,0,0,0
2074,121650,0,0,0,0,0,0,0,0,0,0
2074,121680,0,0,0,0,0,0,0,0,0,0
2074,121710,0,0,0,0,0,0,0,0,0,0
2074,121740,0,0,0,0,0,0,0,0,0,0
2074,121770,0,0,0,0,0,0,0,0,0,0
2074,121800,0,0,0,0,0,0,0,0,0,0
2074,121830,0,0,0,0,0,0,0,0,0,0
2074,121860,0,0,0,0,0,0,0,0,0,0
2074,121890,0,0,0,0,0,0,0,0,0,0
2074,121920,0,0,0,0,0,0,0,0,0,0
2074,121950,0,0,0,0,0,0,0,0,0,0
2074,121980,0,0,0,0,0,0,0,0,0,0
2074,122010,0,0,0,0,0,0,0,0,0,0
2074,122040,0,0,0,0,0,0,0,0,0,0
2074,122070,0,0,0,0,0,0,0,0,0,0
2074,122100,0,0,0,0,0,0,0,0,0,0
2074,122130,0,0,0,0,0,0,0,0,0,0
2074,122160,0,0,0,0,0,0,0,0,0,0
2074,122190,0,0,0,0,0,0,0,0,0,0
2074,122220,0,0,0,0,0,0,0,0,0,0
2074,122250,0,0,0,0,0,0,0,0,0,0
2074,122280,0,0,0,0,0,0,0,0,0,0
2074,122310,0,0,0,0,0,0,0,0,0,0
2074,122340,0,0,0,0,0,0,0,0,0,0
2074,122370,0,0,0,0,0,0,0,0,0,0
2074,122400,0,0,0,0,0,0,0,0,0,0
2074,122430,0,0,0,0,0,0,0,0,0,0
2074,122460,0,0,0,0,0,0,0,0,0,0
2074,122490,0,0,0,0,0,0,0,0,0,0
2074,122520,0,0,0,0,0,0,0,0,0,0
2074,122550,0,0,0,0,0,0,0,0,0,0
2074,122580,0,0,0,0,0,0,0,0,0,0
2074,122610,0,0,0,0,0,0,0,0,0,0
2074,122640,0,0,0,0,0,0,0,0,0,0
2074,122670,0,0,0,0,0,0,0,0,0,0
2074,122700,0,0,0,0,0,0,0,0,0,0
2074,122730,0,0,0,0,0,0,0,0,0,0
2074,122760,0,0,0,0,0,0,0,0,0,0
2074,122790,0,0,0,0,0,0,0,0,0,0
2074,122820,0,0,0,0,0,0,0,0,0,0
2074,122850,0,0,0,0,0,0,0,0,0,0
2074,122880,0,0,0,0,0,0,0,0,0,0
2074,122910,0,0,0,0,0,0,0,0,0,0
2074,122940,0,0,0,0,0,0,0,0,0,0
2074,122970,0,0,0,0,0,0,0,0,0,0
2074,123000,0,0,0,0,0,0,0,0,0,0
2074,123030,0,0,0,0,0,0,0,0,0,0
2074,123060,0,0,0,0,0,0,0,0,0,0
2074,123090,0,0,0,0,0,0,0,0,0,0
2074,123120,0,0,0,0,0,0,0,0,0,0
2074,123150,0,0,0,0,0,0,0,0,0,0
2074,123180,0,0,0,0,0,0,0,0,0,0
2074,123210,0,0,0,0,0,0,0,0,0,0
2074,123240,0,0,0,0,0,0,0,0,0,0
2074,123270,0,0,0,0,0,0,0,0,0,0
2074,123300,0,0,0,0,0,0,0,0,0,0
2074,123330,0,0,0,0,0,0,0,0,0,0
2074,123360,0,0,0,0,0,0,0,0,0,0
2074,123390,0,0,0,0,0,0,0,0,0,0
2074,123420,0,0,0,0,0,0,0,0,0,0
2074,123450,0,0,0,0,0,0,0,0,0,0
2074,123480,0,0,0,0,0,0,0,0,0,0
2074,123510,0,0,0,0,0,0,0,0,0,0
2074,123540,0,0,0,0,0,0,0,0,0,0
2074,123570,0,0,0,0,0,0,0,0,0,0
2074,123600,0,0,0,0,0,0,0,0,0,0
2074,123630,0,0,0,0,0,0,0,0,0,0
2074,123660,0,0,0,0,0,0,0,0,0,0
2074,123690,0,0,0,0,0,0,0,0,0,0
2074,123720,0,0,0,0,0,0,0,0,0,0
2074,123750,0,0,0,0,0,0,0,0,0,0
2074,123780,0,0,0,0,0,0,0,0,0,0
2074,123810,0,0,0,0,0,0,0,0,0,0
2074,123840,0,0,0,0,0,0,0,0,0,0
2074,123870,0,0,0,0,0,0,0,0,0,0
2074,123900,0,0,0,0,0,0,0,0,0,0
2074,123930,0,0,0,0,0,0,0,0,0,0
2074,123960,0,0,0,0,0,0,0,0,0,0
2074,123990,0,0,0,0,0,0,0,0,0,0
2074,124020,0,0,0,0,0,0,0,0,0,0
2074,124050,0,0,0,0,0,0,0,0,0,0
2074,124080,0,0,0,0,0,0,0,0,0,0
2074,124110,0,0,0,0,0,0,0,0,0,0
2074,124140,0,0,0,0,0,0,0,0,0,0
2074,124170,0,0,0,0,0,0,0,0,0,0
2074,124200,0,0,0,0,0,0,0,0,0,0
2074,124230,0,0,0,0,0,0,0,0,0,0
2074,124260,0,0,0,0,0,0,0,0,0,0
2074,124290,0,0,0,0,0,0,0,0,0,0
2074,124320,0,0,0,0,0,0,0,0,0,0
2074,124350,0,0,0,0,0,0,0,0,0,0
2074,124380,0,0,0,0,0,0,0,0,0,0
2074,124410,0,0,0,0,0,0,0,0,0,0
2074,124440,0,0,0,0,0,0,0,0,0,0
2074,124470,0,0,0,0,0,0,0,0,0,0
2074,124500,0,0,0,0,0,0,0,0,0,0
2074,124530,0,0,0,0,0,0,0,0,0,0
2074,124560,0,0,0,0,0,0,0,0,0,0
2074,124590,0,0,0,0,0,0,0,0,0,0
2074,124620,0,0,0,0,0,0,0,0,0,0
2074,124650,0,0,0,0,0,0,0,0,0,0
2074,124680,0,0,0,0,0,0,0,0,0,0
2074,124710,0,0,0,0,0,0,0,0,0,0
2074,124740,0,0,0,0,0,0,0,0,0,0
2074,124770,0,0,0,0,0,0,0,0,0,0
2074,124800,0,0,0,0,0,0,0,0,0,0
2074,124830,0,0,0,0,0,0,0,0,0,0
2074,124860,0,0,0,0,0,0,0,0,0,0
2074,124890,0,0,0,0,0,0,0,0,0,0
2074,124920,0,0,0,0,0,0,0,0,0,0
2074,124950,0,0,0,0,0,0,0,0,0,0
2074,124980,0,0,0,0,0,0,0,0,0,0
2074,125010,0,0,0,0,0,0,0,0,0,0
2074,125040,0,0,0,0,0,0,0,0,0,0
2074,125070,0,0,0,0,0,0,0,0,0,0
2074,125100,0,0,0,0,0,0,0,0,0,0
2074,125130,0,0,0,0,0,0,0,0,0,0
2074,125160,0,0,0,0,0,0,0,0,0,0
2074,125190,0,0,0,0,0,0,0,0,0,0
2074,125220,0,0,0,0,0,0,0,0,0,0
2074,125250,0,0,0,0,0,0,0,0,0,0
2074,125280,0,0,0,0,0,0,0,0,0,0
2074,125310,0,0,0,0,0,0,0,0,0,0
2074,125340,0,0,0,0,0,0,0,0,0,0
2074,125370,0,0,0,0,0,0,0,0,0,0
2074,125400,0,0,0,0,0,0,0,0,0,0
2074,125430,0,0,0,0,0,0,0,0,0,0
2074,125460,0,0,0,0,0,0,0,0,0,0
2074,125490,0,0,0,0,0,0,0,0,0,0
2074,125520,0,0,0,0,0,0,0,0,0,0
2074,125550,0,0,0,0,0,0,0,0,0,0
2074,125580,0,0,0,0,0,0,0,0,0,0
2074,125610,0,0,0,0,0,0,0,0,0,0
2074,125640,0,0,0,0,0,0,0,0,0,0
2074,125670,0,0,0,0,0,0,0,0,0,0
2074,125700,0,0,0,0,0,0,0,0,0,0
2074,125730,0,0,0,0,0,0,0,0,0,0
2074,125760,0,0,0,0,0,0,0,0,0,0
2074,125790,0,0,0,0,0,0,0,0,0,0
2074,125820,0,0,0,0,0,0,0,0,0,0
2074,125850,0,0,0,0,0,0,0,0,0,0
2074,125880,0,0,0,0,0,0,0,0,0,0
2074,125910,0,0,0,0,0,0,0,0,0,0
2074,125940,0,0,0,0,0,0,0,0,0,0
2074,125970,0,0,0,0,0,0,0,0,0,0
2074,126000,0,0,0,0,0,0,0,0,0,0
2074,126030,0,0,0,0,0,0,0,0,0,0
2074,126060,0,0,0,0,0,0,0,0,0,0
2074,126090,0,0,0,0,0,0,0,0,0,0
2074,126120,0,0,0,0,0,0,0,0,0,0
2074,126150,0,0,0,0,0,0,0,0,0,0
2074,126180,0,0,0,0,0,0,0,0,0,0
2074,126210,0,0,0,0,0,0,0,0,0,0
2074,126240,0,0,0,0,0,0,0,0,0,0
2074,126270,0,0,0,0,0,0,0,0,0,0
2074,126300,0,0,0,0,0,0,0,0,0,0
2074,126330,0,0,0,0,0,0,0,0,0,0
2074,126360,0,0,0,0,0,0,0,0,0,0
2074,126390,0,0,0,0,0,0,0,0,0,0
2074,126420,0,0,0,0,0,0,0,0,0,0
2074,126450,0,0,0,0,0,0,0,0,0,0
2074,126480,0,0,0,0,0,0,0,0,0,0
2074,126510,0,0,0,0,0,0,0,0,0,0
2074,126540,0,0,0,0,0,0,0,0,0,0
2074,126570,0,0,0,0,0,0,0,0,0,0
2074,126600,0,0,0,0,0,0,0,0,0,0
2074,126630,0,0,0,0,0,0,0,0,0,0
2074,126660,0,0,0,0,0,0,0,0,0,0
2074,126690,0,0,0,0,0,0,0,0,0,0
2074,126720,0,0,0,0,0,0,0,0,0,0
2074,126750,0,0,0,0,0,0,0,0,0,0
2074,126780,0,0,0,0,0,0,0,0,0,0
2074,126810,0,0,0,0,0,0,0,0,0,0
2074,126840,0,0,0,0,0,0,0,0,0,0
2074,126870,0,0,0,0,0,0,0,0,0,0
2074,126900,0,0,0,0,0,0,0,0,0,0
2074,126930,0,0,0,0,0,0,0,0,0,0
2074,126960,0,0,0,0,0,0,0,0,0,0
2074,126990,0,0,0,0,0,0,0,0,0,0
2074,127020,0,0,0,0,0,0,0,0,0,0
2074,127050,0,0,0,0,0,0,0,0,0,0
2074,127080,0,0,0,0,0,0,0,0,0,0
2074,127110,0,0,0,0,0,0,0,0,0,0
2074,127140,0,0,0,0,0,0,0,0,0,0
2074,127170,0,0,0,0,0,0,0,0,0,0
2074,127200,0,0,0,0,0,0,0,0,0,0
2074,127230,0,0,0,0,0,0,0,0,0,0
2074,127260,0,0,0,0,0,0,0,0,0,0
2074,127290,0,0,0,0,0,0,0,0,0,0
2074,127320,0,0,0,0,0,0,0,0,0,0
2074,127350,0,0,0,0,0,0,0,0,0,0
2074,127380,0,0,0,0,0,0,0,0,0,0
2074,127410,0,0,0,0,0,0,0,0,0,0
2074,127440,0,0,0,0,0,0,0,0,0,0
2074,127470,0,0,0,0,0,0,0,0,0,0
2074,127500,0,0,0,0,0,0,0,0,0,0
2074,127530,0,0,0,0,0,0,0,0,0,0
2074,127560,0,0,0,0,0,0,0,0,0,0
2074,127590,0,0,0,0,0,0,0,0,0,0
2074,127620,0,0,0,0,0,0,0,0,0,0
2074,127650,0,0,0,0,0,0,0,0,0,0
2074,127680,0,0,0,0,0,0,0,0,0,0
2074,127710,0,0,0,0,0,0,0,0,0,0
2074,127740,0,0,0,0,0,0,0,0,0,0
2074,127770,0,0,0,0,0,0,0,0,0,0
2074,127800,0,0,0,0,0,0,0,0,0,0
2074,127830,0,0,0,0,0,0,0,0,0,0
2074,127860,0,0,0,0,0,0,0,0,0,0
2074,127890,0,0,0,0,0,0,0,0,0,0
2074,127920,0,0,0,0,0,0,0,0,0,0
2074,127950,0,0,0,0,0,0,0,0,0,0
2074,127980,0,0,0,0,0,0,0,0,0,0
2074,128010,0,0,0,0,0,0,0,0,0,0
2074,128040,0,0,0,0,0,0,0,0,0,0
2074,128070,0,0,0,0,0,0,0,0,0,0
2074,128100,0,0,0,0,0,0,0,0,0,0
2074,128130,0,0,0,0,0,0,0,0,0,0
2074,128160,0,0,0,0,0,0,0,0,0,0
2074,128190,0,0,0,0,0,0,0,0,0,0
2074,128220,0,0,0,0,0,0,0,0,0,0
2074,128250,0,0,0,0,0,0,0,0,0,0
2074,128280,0,0,0,0,0,0,0,0,0,0
2074,128310,0,0,0,0,0,0,0,0,0,0
2074,128340,0,0,0,0,0,0,0,0,0,0
2074,128370,0,0,0,0,0,0,0,0,0,0
2074,128400,0,0,0,0,0,0,0,0,0,0
2074,128430,0,0,0,0,0,0,0,0,0,0
2074,128460,0,0,0,0,0,0,0,0,0,0
2074,128490,0,0,0,0,0,0,0,0,0,0
2074,128520,0,0,0,0,0,0,0,0,0,0
2074,128550,0,0,0,0,0,0,0,0,0,0
2074,128580,0,0,0,0,0,0,0,0,0,0
2074,128610,0,0,0,0,0,0,0,0,0,0
2074,128640,0,0,0,0,0,0,0,0,0,0
2074,128670,0,0,0,0,0,0,0,0,0,0
2074,128700,0,0,0,0,0,0,0,0,0,0
2074,128730,0,0,0,0,0,0,0,0,0,0
2074,128760,0,0,0,0,0,0,0,0,0,0
2074,128790,0,0,0,0,0,0,0,0,0,0
2074,128820,0,0,0,0,0,0,0,0,0,0
2074,128850,0,0,0,0,0,0,0,0,0,0
2074,128880,0,0,0,0,0,0,0,0,0,0
2074,128910,0,0,0,0,0,0,0,0,0,0
2074,128940,0,0,0,0,0,0,0,0,0,0
2074,128970,0,0,0,0,0,0,0,0,0,0
2074,129000,0,0,0,0,0,0,0,0,0,0
2074,129030,0,0,0,0,0,0,0,0,0,0
2074,129060,0,0,0,0,0,0,0,0,0,0
2074,129090,0,0,0,0,0,0,0,0,0,0
2074,129120,0,0,0,0,0,0,0,0,0,0
2074,129150,0,0,0,0,0,0,0,0,0,0
2074,129180,0,0,0,0,0,0,0,0,0,0
2074,129210,0,0,0,0,0,0,0,0,0,0
2074,129240,0,0,0,0,0,0,0,0,0,0
2074,129270,0,0,0,0,0,0,0,0,0,0
2074,129300,0,0,0,0,0,0,0,0,0,0
2074,129330,0,0,0,0,0,0,0,0,0,0
2074,129360,0,0,0,0,0,0,0,0,0,0
2074,129390,0,0,0,0,0,0,0,0,0,0
2074,129420,0,0,0,0,0,0,0,0,0,0
2074,129450,0,0,0,0,0,0,0,0,0,0
2074,129480,0,0,0,0,0,0,0,0,0,0
2074,129510,0,0,0,0,0,0,0,0,0,0
2074,129540,0,0,0,0,0,0,0,0,0,0
2074,129570,0,0,0,0,0,0,0,0,0,0
2074,129600,0,0,0,0,0,0,0,0,0,0
2074,129630,0,0,0,0,0,0,0,0,0,0
2074,129660,0,0,0,0,0,0,0,0,0,0
2074,129690,0,0,0,0,0,0,0,0,0,0
2074,129720,0,0,0,0,0,0,0,0,0,0
2074,129750,0,0,0,0,0,0,0,0,0,0
2074,129780,0,0,0,0,0,0,0,0,0,0
2074,129810,0,0,0,0,0,0,0,0,0,0
2074,129840,0,0,0,0,0,0,0,0,0,0
2074,129870,0,0,0,0,0,0,0,0,0,0
2074,129900,0,0,0,0,0,0,0,0,0,0
2074,129930,0,0,0,0,0,0,0,0,0,0
2074,129960,0,0,0,0,0,0,0,0,0,0
2074,129990,0,0,0,0,0,0,0,0,0,0
2074,130020,0,0,0,0,0,0,0,0,0,0
2074,130050,0,0,0,0,0,0,0,0,0,0
2074,130080,0,0,0,0,0,0,0,0,0,0
2074,130110,0,0,0,0,0,0,0,0,0,0
2074,130140,0,0,0,0,0,0,0,0,0,0
2074,130170,0,0,0,0,0,0,0,0,0,0
2074,130200,0,0,0,0,0,0,0,0,0,0
2074,130230,0,0,0,0,0,0,0,0,0,0
2074,130260,0,0,0,0,0,0,0,0,0,0
2074,130290,0,0,0,0,0,0,0,0,0,0
2074,130320,0,0,0,0,0,0,0,0,0,0
2074,130350,0,0,0,0,0,0,0,0,0,0
2074,130380,0,0,0,0,0,0,0,0,0,0
2074,130410,0,0,0,0,0,0,0,0,0,0
2074,130440,0,0,0,0,0,0,0,0,0,0
2074,130470,0,0,0,0,0,0,0,0,0,0
2074,130500,0,0,0,0,0,0,0,0,0,0
2074,130530,0,0,0,0,0,0,0,0,0,0
2074,130560,0,0,0,0,0,0,0,0,0,0
2074,130590,0,0,0,0,0,0,0,0,0,0
2074,130620,0,0,0,0,0,0,0,0,0,0
2074,130650,0,0,0,0,0,0,0,0,0,0
2074,130680,0,0,0,0,0,0,0,0,0,0
2074,130710,0,0,0,0,0,0,0,0,0,0
2074,130740,0,0,0,0,0,0,0,0,0,0
2074,130770,0,0,0,0,0,0,0,0,0,0
2074,130800,0,0,0,0,0,0,0,0,0,0
2074,130830,0,0,0,0,0,0,0,0,0,0
2074,130860,0,0,0,0,0,0,0,0,0,0
2074,130890,0,0,0,0,0,0,0,0,0,0
2074,130920,0,0,0,0,0,0,0,0,0,0
2074,130950,0,0,0,0,0,0,0,0,0,0
2074,130980,0,0,0,0,0,0,0,0,0,0
2074,131010,0,0,0,0,0,0,0,0,0,0
2074,131040,0,0,0,0,0,0,0,0,0,0
2074,131070,0,0,0,0,0,0,0,0,0,0
2074,131100,0,0,0,0,0,0,0,0,0,0
2074,131130,0,0,0,0,0,0,0,0,0,0
2074,131160,0,0,0,0,0,0,0,0,0,0
2074,131190,0,0,0,0,0,0,0,0,0,0
2074,131220,0,0,0,0,0,0,0,0,0,0
2074,131250,0,0,0,0,0,0,0,0,0,0
2074,131280,0,0,0,0,0,0,0,0,0,0
2074,131310,0,0,0,0,0,0,0,0,0,0
2074,131340,0,0,0,0,0,0,0,0,0,0
2074,131370,0,0,0,0,0,0,0,0,0,0
2074,131400,0,0,0,0,0,0,0,0,0,0
2074,131430,0,0,0,0,0,0,0,0,0,0
2074,131460,0,0,0,0,0,0,0,0,0,0
2074,131490,0,0,0,0,0,0,0,0,0,0
2074,131520,0,0,0,0,0,0,0,0,0,0
2074,131550,0,0,0,0,0,0,0,0,0,0
2074,131580,0,0,0,0,0,0,0,0,0,0
2074,131610,0,0,0,0,0,0,0,0,0,0
2074,131640,0,0,0,0,0,0,0,0,0,0
2074,131670,0,0,0,0,0,0,0,0,0,0
2074,131700,0,0,0,0,0,0,0,0,0,0
2074,131730,0,0,0,0,0,0,0,0,0,0
2074,131760,0,0,0,0,0,0,0,0,0,0
2074,131790,0,0,0,0,0,0,0,0,0,0
2074,131820,0,0,0,0,0,0,0,0,0,0
2074,131850,0,0,0,0,0,0,0,0,0,0
2074,131880,0,0,0,0,0,0,0,0,0,0
2074,131910,0,0,0,0,0,0,0,0,0,0
2074,131940,0,0,0,0,0,0,0,0,0,0
2074,131970,0,0,0,0,0,0,0,0,0,0
2074,132000,0,0,0,0,0,0,0,0,0,0
2074,132030,0,0,0,0,0,0,0,0,0,0
2074,132060,0,0,0,0,0,0,0,0,0,0
2074,132090,0,0,0,0,0,0,0,0,0,0
2074,132120,0,0,0,0,0,0,0,0,0,0
2074,132150,0,0,0,0,0,0,0,0,0,0
2074,132180,0,0,0,0,0,0,0,0,0,0
2074,132210,0,0,0,0,0,0,0,0,0,0
2074,132240,0,0,0,0,0,0,0,0,0,0
2074,132270,0,0,0,0,0,0,0,0,0,0
2074,132300,0,0,0,0,0,0,0,0,0,0
2074,132330,0,0,0,0,0,0,0,0,0,0
2074,132360,0,0,0,0,0,0,0,0,0,0
2074,132390,0,0,0,0,0,0,0,0,0,0
2074,132420,0,0,0,0,0,0,0,0,0,0
2074,132450,0,0,0,0,0,0,0,0,0,0
2074,132480,0,0,0,0,0,0,0,0,0,0
2074,132510,0,0,0,0,0,0,0,0,0,0
2074,132540,0,0,0,0,0,0,0,0,0,0
2074,132570,0,0,0,0,0,0,0,0,0,0
2074,132600,0,0,0,0,0,0,0,0,0,0
2074,132630,0,0,0,0,0,0,0,0,0,0
2074,132660,0,0,0,0,0,0,0,0,0,0
2074,132690,0,0,0,0,0,0,0,0,0,0
2074,132720,0,0,0,0,0,0,0,0,0,0
2074,132750,0,0,0,0,0,0,0,0,0,0
2074,132780,0,0,0,0,0,0,0,0,0,0
2074,132810,0,0,0,0,0,0,0,0,0,0
2074,132840,0,0,0,0,0,0,0,0,0,0
2074,132870,0,0,0,0,0,0,0,0,0,0
2074,132900,0,0,0,0,0,0,0,0,0,0
2074,132930,0,0,0,0,0,0,0,0,0,0
2074,132960,0,0,0,0,0,0,0,0,0,0
2074,132990,0,0,0,0,0,0,0,0,0,0
2074,133020,0,0,0,0,0,0,0,0,0,0
2074,133050,0,0,0,0,0,0,0,0,0,0
2074,133080,0,0,0,0,0,0,0,0,0,0
2074,133110,0,0,0,0,0,0,0,0,0,0
2074,133140,0,0,0,0,0,0,0,0,0,0
2074,133170,0,0,0,0,0,0,0,0,0,0
2074,133200,0,0,0,0,0,0,0,0,0,0
2074,133230,0,0,0,0,0,0,0,0,0,0
2074,133260,0,0,0,0,0,0,0,0,0,0
2074,133290,0,0,0,0,0,0,0,0,0,0
2074,133320,0,0,0,0,0,0,0,0,0,0
2074,133350,0,0,0,0,0,0,0,0,0,0
2074,133380,0,0,0,0,0,0,0,0,0,0
2074,133410,0,0,0,0,0,0,0,0,0,0
2074,133440,0,0,0,0,0,0,0,0,0,0
2074,133470,0,0,0,0,0,0,0,0,0,0
2074,133500,0,0,0,0,0,0,0,0,0,0
2074,133530,0,0,0,0,0,0,0,0,0,0
2074,133560,0,0,0,0,0,0,0,0,0,0
2074,133590,0,0,0,0,0,0,0,0,0,0
2074,133620,0,0,0,0,0,0,0,0,0,0
2074,133650,0,0,0,0,0,0,0,0,0,0
2074,133680,0,0,0,0,0,0,0,0,0,0
2074,133710,0,0,0,0,0,0,0,0,0,0
2074,133740,0,0,0,0,0,0,0,0,0,0
2074,133770,0,0,0,0,0,0,0,0,0,0
2074,133800,0,0,0,0,0,0,0,0,0,0
2074,133830,0,0,0,0,0,0,0,0,0,0
2074,133860,0,0,0,0,0,0,0,0,0,0
2074,133890,0,0,0,0,0,0,0,0,0,0
2074,133920,0,0,0,0,0,0,0,0,0,0
2074,133950,0,0,0,0,0,0,0,0,0,0
2074,133980,0,0,0,0,0,0,0,0,0,0
2074,134010,0,0,0,0,0,0,0,0,0,0
2074,134040,0,0,0,0,0,0,0,0,0,0
2074,134070,0,0,0,0,0,0,0,0,0,0
2074,134100,0,0,0,0,0,0,0,0,0,0
2074,134130,0,0,0,0,0,0,0,0,0,0
2074,134160,0,0,0,0,0,0,0,0,0,0
2074,134190,0,0,0,0,0,0,0,0,0,0
2074,134220,0,0,0,0,0,0,0,0,0,0
2074,134250,0,0,0,0,0,0,0,0,0,0
2074,134280,0,0,0,0,0,0,0,0,0,0
2074,134310,0,0,0,0,0,0,0,0,0,0
2074,134340,0,0,0,0,0,0,0,0,0,0
2074,134370,0,0,0,0,0,0,0,0,0,0
2074,134400,0,0,0,0,0,0,0,0,0,0
2074,134430,0,0,0,0,0,0,0,0,0,0
2074,134460,0,0,0,0,0,0,0,0,0,0
2074,134490,0,0,0,0,0,0,0,0,0,0
2074,134520,0,0,0,0,0,0,0,0,0,0
2074,134550,0,0,0,0,0,0,0,0,0,0
2074,134580,0,0,0,0,0,0,0,0,0,0
2074,134610,0,0,0,0,0,0,0,0,0,0
2074,134640,0,0,0,0,0,0,0,0,0,0
2074,134670,0,0,0,0,0,0,0,0,0,0
2074,134700,0,0,0,0,0,0,0,0,0,0
2074,134730,0,0,0,0,0,0,0,0,0,0
2074,134760,0,0,0,0,0,0,0,0,0,0
2074,134790,0,0,0,0,0,0,0,0,0,0
2074,134820,0,0,0,0,0,0,0,0,0,0
2074,134850,0,0,0,0,0,0,0,0,0,0
2074,134880,0,0,0,0,0,0,0,0,0,0
2074,134910,0,0,0,0,0,0,0,0,0,0
2074,134940,0,0,0,0,0,0,0,0,0,0
2074,134970,0,0,0,0,0,0,0,0,0,0
2074,135000,0,0,0,0,0,0,0,0,0,0
2074,135030,0,0,0,0,0,0,0,0,0,0
2074,135060,0,0,0,0,0,0,0,0,0,0
2074,135090,0,0,0,0,0,0,0,0,0,0
2074,135120,0,0,0,0,0,0,0,0,0,0
2074,135150,0,0,0,0,0,0,0,0,0,0
2074,135180,0,0,0,0,0,0,0,0,0,0
2074,135210,0,0,0,0,0,0,0,0,0,0
2074,135240,0,0,0,0,0,0,0,0,0,0
2074,135270,0,0,0,0,0,0,0,0,0,0
2074,135300,0,0,0,0,0,0,0,0,0,0
2074,135330,0,0,0,0,0,0,0,0,0,0
2074,135360,0,0,0,0,0,0,0,0,0,0
2074,135390,0,0,0,0,0,0,0,0,0,0
2074,135420,0,0,0,0,0,0,0,0,0,0
2074,135450,0,0,0,0,0,0,0,0,0,0
2074,135480,0,0,0,0,0,0,0,0,0,0
2074,135510,0,0,0,0,0,0,0,0,0,0
2074,135540,0,0,0,0,0,0,0,0,0,0
2074,135570,0,0,0,0,0,0,0,0,0,0
2074,135600,0,0,0,0,0,0,0,0,0,0
2074,135630,0,0,0,0,0,0,0,0,0,0
2074,135660,0,0,0,0,0,0,0,0,0,0
2074,135690,0,0,0,0,0,0,0,0,0,0
2074,135720,0,0,0,0,0,0,0,0,0,0
2074,135750,0,0,0,0,0,0,0,0,0,0
2074,135780,0,0,0,0,0,0,0,0,0,0
2074,135810,0,0,0,0,0,0,0,0,0,0
2074,135840,0,0,0,0,0,0,0,0,0,0
2074,135870,0,0,0,0,0,0,0,0,0,0
2074,135900,0,0,0,0,0,0,0,0,0,0
2074,135930,0,0,0,0,0,0,0,0,0,0
2074,135960,0,0,0,0,0,0,0,0,0,0
2074,135990,0,0,0,0,0,0,0,0,0,0
2074,136020,0,0,0,0,0,0,0,0,0,0
2074,136050,0,0,0,0,0,0,0,0,0,0
2074,136080,0,0,0,0,0,0,0,0,0,0
2074,136110,0,0,0,0,0,0,0,0,0,0
2074,136140,0,0,0,0,0,0,0,0,0,0
2074,136170,0,0,0,0,0,0,0,0,0,0
2074,136200,0,0,0,0,0,0,0,0,0,0
2074,136230,0,0,0,0,0,0,0,0,0,0
2074,136260,0,0,0,0,0,0,0,0,0,0
2074,136290,0,0,0,0,0,0,0,0,0,0
2074,136320,0,0,0,0,0,0,0,0,0,0
2074,136350,0,0,0,0,0,0,0,0,0,0
2074,136380,0,0,0,0,0,0,0,0,0,0
2074,136410,0,0,0,0,0,0,0,0,0,0
2074,136440,0,0,0,0,0,0,0,0,0,0
2074,136470,0,0,0,0,0,0,0,0,0,0
2074,136500,0,0,0,0,0,0,0,0,0,0
2074,136530,0,0,0,0,0,0,0,0,0,0
2074,136560,0,0,0,0,0,0,0,0,0,0
2074,136590,0,0,0,0,0,0,0,0,0,0
2074,136620,0,0,0,0,0,0,0,0,0,0
2074,136650,0,0,0,0,0,0,0,0,0,0
2074,136680,0,0,0,0,0,0,0,0,0,0
2074,136710,0,0,0,0,0,0,0,0,0,0
2074,136740,0,0,0,0,0,0,0,0,0,0
2074,136770,0,0,0,0,0,0,0,0,0,0
2074,136800,0,0,0,0,0,0,0,0,0,0
2074,136830,0,0,0,0,0,0,0,0,0,0
2074,136860,0,0,0,0,0,0,0,0,0,0
2074,136890,0,0,0,0,0,0,0,0,0,0
2074,136920,0,0,0,0,0,0,0,0,0,0
2074,136950,0,0,0,0,0,0,0,0,0,0
2074,136980,0,0,0,0,0,0,0,0,0,0
2074,137010,0,0,0,0,0,0,0,0,0,0
2074,137040,0,0,0,0,0,0,0,0,0,0
2074,137070,0,0,0,0,0,0,0,0,0,0
2074,137100,0,0,0,0,0,0,0,0,0,0
2074,137130,0,0,0,0,0,0,0,0,0,0
2074,137160,0,0,0,0,0,0,0,0,0,0
2074,137190,0,0,0,0,0,0,0,0,0,0
2074,137220,0,0,0,0,0,0,0,0,0,0
2074,137250,0,0,0,0,0,0,0,0,0,0
2074,137280,0,0,0,0,0,0,0,0,0,0
2074,137310,0,0,0,0,0,0,0,0,0,0
2074,137340,0,0,0,0,0,0,0,0,0,0
2074,137370,0,0,0,0,0,0,0,0,0,0
2074,137400,0,0,0,0,0,0,0,0,0,0
2074,137430,0,0,0,0,0,0,0,0,0,0
2074,137460,0,0,0,0,0,0,0,0,0,0
2074,137490,0,0,0,0,0,0,0,0,0,0
2074,137520,0,0,0,0,0,0,0,0,0,0
2074,137550,0,0,0,0,0,0,0,0,0,0
2074,137580,0,0,0,0,0,0,0,0,0,0
2074,137610,0,0,0,0,0,0,0,0,0,0
2074,137640,0,0,0,0,0,0,0,0,0,0
2074,137670,0,0,0,0,0,0,0,0,0,0
2074,137700,0,0,0,0,0,0,0,0,0,0
2074,137730,0,0,0,0,0,0,0,0,0,0
2074,137760,0,0,0,0,0,0,0,0,0,0
2074,137790,0,0,0,0,0,0,0,0,0,0
2074,137820,0,0,0,0,0,0,0,0,0,0
2074,137850,0,0,0,0,0,0,0,0,0,0
2074,137880,0,0,0,0,0,0,0,0,0,0
2074,137910,0,0,0,0,0,0,0,0,0,0
2074,137940,0,0,0,0,0,0,0,0,0,0
2074,137970,0,0,0,0,0,0,0,0,0,0
2074,138000,0,0,0,0,0,0,0,0,0,0
2074,138030,0,0,0,0,0,0,0,0,0,0
2074,138060,0,0,0,0,0,0,0,0,0,0
2074,138090,0,0,0,0,0,0,0,0,0,0
2074,138120,0,0,0,0,0,0,0,0,0,0
2074,138150,0,0,0,0,0,0,0,0,0,0
2074,138180,0,0,0,0,0,0,0,0,0,0
2074,138210,0,0,0,0,0,0,0,0,0,0
2074,138240,0,0,0,0,0,0,0,0,0,0
2074,138270,0,0,0,0,0,0,0,0,0,0
2074,138300,0,0,0,0,0,0,0,0,0,0
2074,138330,0,0,0,0,0,0,0,0,0,0
2074,138360,0,0,0,0,0,0,0,0,0,0
2074,138390,0,0,0,0,0,0,0,0,0,0
2074,138420,0,0,0,0,0,0,0,0,0,0
2074,138450,0,0,0,0,0,0,0,0,0,0
2074,138480,0,0,0,0,0,0,0,0,0,0
2074,138510,0,0,0,0,0,0,0,0,0,0
2074,138540,0,0,0,0,0,0,0,0,0,0
2074,138570,0,0,0,0,0,0,0,0,0,0
2074,138600,0,0,0,0,0,0,0,0,0,0
2074,138630,0,0,0,0,0,0,0,0,0,0
2074,138660,0,0,0,0,0,0,0,0,0,0
2074,138690,0,0,0,0,0,0,0,0,0,0
2074,138720,0,0,0,0,0,0,0,0,0,0
2074,138750,0,0,0,0,0,0,0,0,0,0
2074,138780,0,0,0,0,0,0,0,0,0,0
2074,138810,0,0,0,0,0,0,0,0,0,0
2074,138840,0,0,0,0,0,0,0,0,0,0
2074,138870,0,0,0,0,0,0,0,0,0,0
2074,138900,0,0,0,0,0,0,0,0,0,0
2074,138930,0,0,0,0,0,0,0,0,0,0
2074,138960,0,0,0,0,0,0,0,0,0,0
2074,138990,0,0,0,0,0,0,0,0,0,0
2074,139020,0,0,0,0,0,0,0,0,0,0
2074,139050,0,0,0,0,0,0,0,0,0,0
2074,139080,0,0,0,0,0,0,0,0,0,0
2074,139110,0,0,0,0,0,0,0,0,0,0
2074,139140,0,0,0,0,0,0,0,0,0,0
2074,139170,0,0,0,0,0,0,0,0,0,0
2074,139200,0,0,0,0,0,0,0,0,0,0
2074,139230,0,0,0,0,0,0,0,0,0,0
2074,139260,0,0,0,0,0,0,0,0,0,0
2074,139290,0,0,0,0,0,0,0,0,0,0
2074,139320,0,0,0,0,0,0,0,0,0,0
2074,139350,0,0,0,0,0,0,0,0,0,0
2074,139380,0,0,0,0,0,0,0,0,0,0
2074,139410,0,0,0,0,0,0,0,0,0,0
2074,139440,0,0,0,0,0,0,0,0,0,0
2074,139470,0,0,0,0,0,0,0,0,0,0
2074,139500,0,0,0,0,0,0,0,0,0,0
2074,139530,0,0,0,0,0,0,0,0,0,0
2074,139560,0,0,0,0,0,0,0,0,0,0
2074,139590,0,0,0,0,0,0,0,0,0,0
2074,139620,0,0,0,0,0,0,0,0,0,0
2074,139650,0,0,0,0,0,0,0,0,0,0
2074,139680,0,0,0,0,0,0,0,0,0,0
2074,139710,0,0,0,0,0,0,0,0,0,0
2074,139740,0,0,0,0,0,0,0,0,0,0
2074,139770,0,0,0,0,0,0,0,0,0,0
2074,139800,0,0,0,0,0,0,0,0,0,0
2074,139830,0,0,0,0,0,0,0,0,0,0
2074,139860,0,0,0,0,0,0,0,0,0,0
2074,139890,0,0,0,0,0,0,0,0,0,0
2074,139920,0,0,0,0,0,0,0,0,0,0
2074,139950,0,0,0,0,0,0,0,0,0,0
2074,139980,0,0,0,0,0,0,0,0,0,0
2074,140010,0,0,0,0,0,0,0,0,0,0
2074,140040,0,0,0,0,0,0,0,0,0,0
2074,140070,0,0,0,0,0,0,0,0,0,0
2074,140100,0,0,0,0,0,0,0,0,0,0
2074,140130,0,0,0,0,0,0,0,0,0,0
2074,140160,0,0,0,0,0,0,0,0,0,0
2074,140190,0,0,0,0,0,0,0,0,0,0
2074,140220,0,0,0,0,0,0,0,0,0,0
2074,140250,0,0,0,0,0,0,0,0,0,0
2074,140280,0,0,0,0,0,0,0,0,0,0
2074,140310,0,0,0,0,0,0,0,0,0,0
2074,140340,0,0,0,0,0,0,0,0,0,0
2074,140370,0,0,0,0,0,0,0,0,0,0
2074,140400,0,0,0,0,0,0,0,0,0,0
2074,140430,0,0,0,0,0,0,0,0,0,0
2074,140460,0,0,0,0,0,0,0,0,0,0
2074,140490,0,0,0,0,0,0,0,0,0,0
2074,140520,0,0,0,0,0,0,0,0,0,0
2074,140550,0,0,0,0,0,0,0,0,0,0
2074,140580,0,0,0,0,0,0,0,0,0,0
2074,140610,0,0,0,0,0,0,0,0,0,0
2074,140640,0,0,0,0,0,0,0,0,0,0
2074,140670,0,0,0,0,0,0,0,0,0,0
2074,140700,0,0,0,0,0,0,0,0,0,0
2074,140730,0,0,0,0,0,0,0,0,0,0
2074,140760,0,0,0,0,0,0,0,0,0,0
2074,140790,0,0,0,0,0,0,0,0,0,0
2074,140820,0,0,0,0,0,0,0,0,0,0
2074,140850,0,0,0,0,0,0,0,0,0,0
2074,140880,0,0,0,0,0,0,0,0,0,0
2074,140910,0,0,0,0,0,0,0,0,0,0
2074,140940,0,0,0,0,0,0,0,0,0,0
2074,140970,0,0,0,0,0,0,0,0,0,0
2074,141000,0,0,0,0,0,0,0,0,0,0
2074,141030,0,0,0,0,0,0,0,0,0,0
2074,141060,0,0,0,0,0,0,0,0,0,0
2074,141090,0,0,0,0,0,0,0,0,0,0
2074,141120,0,0,0,0,0,0,0,0,0,0
2074,141150,0,0,0,0,0,0,0,0,0,0
2074,141180,0,0,0,0,0,0,0,0,0,0
2074,141210,0,0,0,0,0,0,0,0,0,0
2074,141240,0,0,0,0,0,0,0,0,0,0
2074,141270,0,0,0,0,0,0,0,0,0,0
2074,141300,0,0,0,0,0,0,0,0,0,0
2074,141330,0,0,0,0,0,0,0,0,0,0
2074,141360,0,0,0,0,0,0,0,0,0,0
2074,141390,0,0,0,0,0,0,0,0,0,0
2074,141420,0,0,0,0,0,0,0,0,0,0
2074,141450,0,0,0,0,0,0,0,0,0,0
2074,141480,0,0,0,0,0,0,0,0,0,0
2074,141510,0,0,0,0,0,0,0,0,0,0
2074,141540,0,0,0,0,0,0,0,0,0,0
2074,141570,0,0,0,0,0,0,0,0,0,0
2074,141600,0,0,0,0,0,0,0,0,0,0
2074,141630,0,0,0,0,0,0,0,0,0,0
2074,141660,0,0,0,0,0,0,0,0,0,0
2074,141690,0,0,0,0,0,0,0,0,0,0
2074,141720,0,0,0,0,0,0,0,0,0,0
2074,141750,0,0,0,0,0,0,0,0,0,0
2074,141780,0,0,0,0,0,0,0,0,0,0
2074,141810,0,0,0,0,0,0,0,0,0,0
2074,141840,0,0,0,0,0,0,0,0,0,0
2074,141870,0,0,0,0,0,0,0,0,0,0
2074,141900,0,0,0,0,0,0,0,0,0,0
2074,141930,0,0,0,0,0,0,0,0,0,0
2074,141960,0,0,0,0,0,0,0,0,0,0
2074,141990,0,0,0,0,0,0,0,0,0,0
2074,142020,0,0,0,0,0,0,0,0,0,0
2074,142050,0,0,0,0,0,0,0,0,0,0
2074,142080,0,0,0,0,0,0,0,0,0,0
2074,142110,0,0,0,0,0,0,0,0,0,0
2074,142140,0,0,0,0,0,0,0,0,0,0
2074,142170,0,0,0,0,0,0,0,0,0,0
2074,142200,0,0,0,0,0,0,0,0,0,0
2074,142230,0,0,0,0,0,0,0,0,0,0
2074,142260,0,0,0,0,0,0,0,0,0,0
2074,142290,0,0,0,0,0,0,0,0,0,0
2074,142320,0,0,0,0,0,0,0,0,0,0
2074,142350,0,0,0,0,0,0,0,0,0,0
2074,142380,0,0,0,0,0,0,0,0,0,0
2074,142410,0,0,0,0,0,0,0,0,0,0
2074,142440,0,0,0,0,0,0,0,0,0,0
2074,142470,0,0,0,0,0,0,0,0,0,0
2074,142500,0,0,0,0,0,0,0,0,0,0
2074,142530,0,0,0,0,0,0,0,0,0,0
2074,142560,0,0,0,0,0,0,0,0,0,0
2074,142590,0,0,0,0,0,0,0,0,0,0
2074,142620,0,0,0,0,0,0,0,0,0,0
2074,142650,0,0,0,0,0,0,0,0,0,0
2074,142680,0,0,0,0,0,0,0,0,0,0
2074,142710,0,0,0,0,0,0,0,0,0,0
2074,142740,0,0,0,0,0,0,0,0,0,0
2074,142770,0,0,0,0,0,0,0,0,0,0
2074,142800,0,0,0,0,0,0,0,0,0,0
2074,142830,0,0,0,0,0,0,0,0,0,0
2074,142860,0,0,0,0,0,0,0,0,0,0
2074,142890,0,0,0,0,0,0,0,0,0,0
2074,142920,0,0,0,0,0,0,0,0,0,0
2074,142950,0,0,0,0,0,0,0,0,0,0
2074,142980,0,0,0,0,0,0,0,0,0,0
2074,143010,0,0,0,0,0,0,0,0,0,0
2074,143040,0,0,0,0,0,0,0,0,0,0
2074,143070,0,0,0,0,0,0,0,0,0,0
2074,143100,0,0,0,0,0,0,0,0,0,0
2074,143130,0,0,0,0,0,0,0,0,0,0
2074,143160,0,0,0,0,0,0,0,0,0,0
2074,143190,0,0,0,0,0,0,0,0,0,0
2074,143220,0,0,0,0,0,0,0,0,0,0
2074,143250,0,0,0,0,0,0,0,0,0,0
2074,143280,0,0,0,0,0,0,0,0,0,0
2074,143310,0,0,0,0,0,0,0,0,0,0
2074,143340,0,0,0,0,0,0,0,0,0,0
2074,143370,0,0,0,0,0,0,0,0,0,0
2074,143400,0,0,0,0,0,0,0,0,0,0
2074,143430,0,0,0,0,0,0,0,0,0,0
2074,143460,0,0,0,0,0,0,0,0,0,0
2074,143490,0,0,0,0,0,0,0,0,0,0
2074,143520,0,0,0,0,0,0,0,0,0,0
2074,143550,0,0,0,0,0,0,0,0,0,0
2074,143580,0,0,0,0,0,0,0,0,0,0
2074,143610,0,0,0,0,0,0,0,0,0,0
2074,143640,0,0,0,0,0,0,0,0,0,0
2074,143670,0,0,0,0,0,0,0,0,0,0
2074,143700,0,0,0,0,0,0,0,0,0,0
2074,143730,0,0,0,0,0,0,0,0,0,0
2074,143760,0,0,0,0,0,0,0,0,0,0
2074,143790,0,0,0,0,0,0,0,0,0,0
2074,143820,0,0,0,0,0,0,0,0,0,0
2074,143850,0,0,0,0,0,0,0,0,0,0
2074,143880,0,0,0,0,0,0,0,0,0,0
2074,143910,0,0,0,0,0,0,0,0,0,0
2074,143940,0,0,0,0,0,0,0,0,0,0
2074,143970,0,0,0,0,0,0,0,0,0,0
2074,144000,0,0,0,0,0,0,0,0,0,0
2074,144030,0,0,0,0,0,0,0,0,0,0
2074,144060,0,0,0,0,0,0,0,0,0,0
2074,144090,0,0,0,0,0,0,0,0,0,0
2074,144120,0,0,0,0,0,0,0,0,0,0
2074,144150,0,0,0,0,0,0,0,0,0,0
2074,144180,0,0,0,0,0,0,0,0,0,0
2074,144210,0,0,0,0,0,0,0,0,0,0
2074,144240,0,0,0,0,0,0,0,0,0,0
2074,144270,0,0,0,0,0,0,0,0,0,0
2074,144300,0,0,0,0,0,0,0,0,0,0
2074,144330,0,0,0,0,0,0,0,0,0,0
2074,144360,0,0,0,0,0,0,0,0,0,0
2074,144390,0,0,0,0,0,0,0,0,0,0
2074,144420,0,0,0,0,0,0,0,0,0,0
2074,144450,0,0,0,0,0,0,0,0,0,0
2074,144480,0,0,0,0,0,0,0,0,0,0
2074,144510,0,0,0,0,0,0,0,0,0,0
2074,144540,0,0,0,0,0,0,0,0,0,0
2074,144570,0,0,0,0,0,0,0,0,0,0
2074,144600,0,0,0,0,0,0,0,0,0,0
2074,144630,0,0,0,0,0,0,0,0,0,0
2074,144660,0,0,0,0,0,0,0,0,0,0
2074,144690,0,0,0,0,0,0,0,0,0,0
2074,144720,0,0,0,0,0,0,0,0,0,0
2074,144750,0,0,0,0,0,0,0,0,0,0
2074,144780,0,0,0,0,0,0,0,0,0,0
2074,144810,0,0,0,0,0,0,0,0,0,0
2074,144840,0,0,0,0,0,0,0,0,0,0
2074,144870,0,0,0,0,0,0,0,0,0,0
2074,144900,0,0,0,0,0,0,0,0,0,0
2074,144930,0,0,0,0,0,0,0,0,0,0
2074,144960,0,0,0,0,0,0,0,0,0,0
2074,144990,0,0,0,0,0,0,0,0,0,0
2074,145020,0,0,0,0,0,0,0,0,0,0
2074,145050,0,0,0,0,0,0,0,0,0,0
2074,145080,0,0,0,0,0,0,0,0,0,0
2074,145110,0,0,0,0,0,0,0,0,0,0
2074,145140,0,0,0,0,0,0,0,0,0,0
2074,145170,0,0,0,0,0,0,0,0,0,0
2074,145200,0,0,0,0,0,0,0,0,0,0
2074,145230,0,0,0,0,0,0,0,0,0,0
2074,145260,0,0,0,0,0,0,0,0,0,0
2074,145290,0,0,0,0,0,0,0,0,0,0
2074,145320,0,0,0,0,0,0,0,0,0,0
2074,145350,0,0,0,0,0,0,0,0,0,0
2074,145380,0,0,0,0,0,0,0,0,0,0
2074,145410,0,0,0,0,0,0,0,0,0,0
2074,145440,0,0,0,0,0,0,0,0,0,0
2074,145470,0,0,0,0,0,0,0,0,0,0
2074,145500,0,0,0,0,0,0,0,0,0,0
2074,145530,0,0,0,0,0,0,0,0,0,0
2074,145560,0,0,0,0,0,0,0,0,0,0
2074,145590,0,0,0,0,0,0,0,0,0,0
2074,145620,0,0,0,0,0,0,0,0,0,0
2074,145650,0,0,0,0,0,0,0,0,0,0
2074,145680,0,0,0,0,0,0,0,0,0,0
2074,145710,0,0,0,0,0,0,0,0,0,0
2074,145740,0,0,0,0,0,0,0,0,0,0
2074,145770,0,0,0,0,0,0,0,0,0,0
2074,145800,0,0,0,0,0,0,0,0,0,0
2074,145830,0,0,0,0,0,0,0,0,0,0
2074,145860,0,0,0,0,0,0,0,0,0,0
2074,145890,0,0,0,0,0,0,0,0,0,0
2074,145920,0,0,0,0,0,0,0,0,0,0
2074,145950,0,0,0,0,0,0,0,0,0,0
2074,145980,0,0,0,0,0,0,0,0,0,0
2074,146010,0,0,0,0,0,0,0,0,0,0
2074,146040,0,0,0,0,0,0,0,0,0,0
2074,146070,0,0,0,0,0,0,0,0,0,0
2074,146100,0,0,0,0,0,0,0,0,0,0
2074,146130,0,0,0,0,0,0,0,0,0,0
2074,146160,0,0,0,0,0,0,0,0,0,0
2074,146190,0,0,0,0,0,0,0,0,0,0
2074,146220,0,0,0,0,0,0,0,0,0,0
2074,146250,0,0,0,0,0,0,0,0,0,0
2074,146280,0,0,0,0,0,0,0,0,0,0
2074,146310,0,0,0,0,0,0,0,0,0,0
2074,146340,0,0,0,0,0,0,0,0,0,0
2074,146370,0,0,0,0,0,0,0,0,0,0
2074,146400,0,0,0,0,0,0,0,0,0,0
2074,146430,0,0,0,0,0,0,0,0,0,0
2074,146460,0,0,0,0,0,0,0,0,0,0
2074,146490,0,0,0,0,0,0,0,0,0,0
2074,146520,0,0,0,0,0,0,0,0,0,0
2074,146550,0,0,0,0,0,0,0,0,0,0
2074,146580,0,0,0,0,0,0,0,0,0,0
2074,146610,0,0,0,0,0,0,0,0,0,0
2074,146640,0,0,0,0,0,0,0,0,0,0
2074,146670,0,0,0,0,0,0,0,0,0,0
2074,146700,0,0,0,0,0,0,0,0,0,0
2074,146730,0,0,0,0,0,0,0,0,0,0
2074,146760,0,0,0,0,0,0,0,0,0,0
2074,146790,0,0,0,0,0,0,0,0,0,0
2074,146820,0,0,0,0,0,0,0,0,0,0
2074,146850,0,0,0,0,0,0,0,0,0,0
2074,146880,0,0,0,0,0,0,0,0,0,0
2074,146910,0,0,0,0,0,0,0,0,0,0
2074,146940,0,0,0,0,0,0,0,0,0,0
2074,146970,0,0,0,0,0,0,0,0,0,0
2074,147000,0,0,0,0,0,0,0,0,0,0
2074,147030,0,0,0,0,0,0,0,0,0,0
2074,147060,0,0,0,0,0,0,0,0,0,0
2074,147090,0,0,0,0,0,0,0,0,0,0
2074,147120,0,0,0,0,0,0,0,0,0,0
2074,147150,0,0,0,0,0,0,0,0,0,0
2074,147180,0,0,0,0,0,0,0,0,0,0
2074,147210,0,0,0,0,0,0,0,0,0,0
2074,147240,0,0,0,0,0,0,0,0,0,0
2074,147270,0,0,0,0,0,0,0,0,0,0
2074,147300,0,0,0,0,0,0,0,0,0,0
2074,147330,0,0,0,0,0,0,0,0,0,0
2074,147360,0,0,0,0,0,0,0,0,0,0
2074,147390,0,0,0,0,0,0,0,0,0,0
2074,147420,0,0,0,0,0,0,0,0,0,0
2074,147450,0,0,0,0,0,0,0,0,0,0
2074,147480,0,0,0,0,0,0,0,0,0,0
2074,147510,0,0,0,0,0,0,0,0,0,0
2074,147540,0,0,0,0,0,0,0,0,0,0
2074,147570,0,0,0,0,0,0,0,0,0,0
2074,147600,0,0,0,0,0,0,0,0,0,0
2074,147630,0,0,0,0,0,0,0,0,0,0
2074,147660,0,0,0,0,0,0,0,0,0,0
2074,147690,0,0,0,0,0,0,0,0,0,0
2074,147720,0,0,0,0,0,0,0,0,0,0
2074,147750,0,0,0,0,0,0,0,0,0,0
2074,147780,0,0,0,0,0,0,0,0,0,0
2074,147810,0,0,0,0,0,0,0,0,0,0
2074,147840,0,0,0,0,0,0,0,0,0,0
2074,147870,0,0,0,0,0,0,0,0,0,0
2074,147900,0,0,0,0,0,0,0,0,0,0
2074,147930,0,0,0,0,0,0,0,0,0,0
2074,147960,0,0,0,0,0,0,0,0,0,0
2074,147990,0,0,0,0,0,0,0,0,0,0
2074,148020,0,0,0,0,0,0,0,0,0,0
2074,148050,0,0,0,0,0,0,0,0,0,0
2074,148080,0,0,0,0,0,0,0,0,0,0
2074,148110,0,0,0,0,0,0,0,0,0,0
2074,148140,0,0,0,0,0,0,0,0,0,0
2074,148170,0,0,0,0,0,0,0,0,0,0
2074,148200,0,0,0,0,0,0,0,0,0,0
2074,148230,0,0,0,0,0,0,0,0,0,0
2074,148260,0,0,0,0,0,0,0,0,0,0
2074,148290,0,0,0,0,0,0,0,0,0,0
2074,148320,0,0,0,0,0,0,0,0,0,0
2074,148350,0,0,0,0,0,0,0,0,0,0
2074,148380,0,0,0,0,0,0,0,0,0,0
2074,148410,0,0,0,0,0,0,0,0,0,0
2074,148440,0,0,0,0,0,0,0,0,0,0
2074,148470,0,0,0,0,0,0,0,0,0,0
2074,148500,0,0,0,0,0,0,0,0,0,0
2074,148530,0,0,0,0,0,0,0,0,0,0
2074,148560,0,0,0,0,0,0,0,0,0,0
2074,148590,0,0,0,0,0,0,0,0,0,0
2074,148620,0,0,0,0,0,0,0,0,0,0
2074,148650,0,0,0,0,0,0,0,0,0,0
2074,148680,0,0,0,0,0,0,0,0,0,0
2074,148710,0,0,0,0,0,0,0,0,0,0
2074,148740,0,0,0,0,0,0,0,0,0,0
2074,148770,0,0,0,0,0,0,0,0,0,0
2074,148800,0,0,0,0,0,0,0,0,0,0
2074,148830,0,0,0,0,0,0,0,0,0,0
2074,148860,0,0,0,0,0,0,0,0,0,0
2074,148890,0,0,0,0,0,0,0,0,0,0
2074,148920,0,0,0,0,0,0,0,0,0,0
2074,148950,0,0,0,0,0,0,0,0,0,0
2074,148980,0,0,0,0,0,0,0,0,0,0
2074,149010,0,0,0,0,0,0,0,0,0,0
2074,149040,0,0,0,0,0,0,0,0,0,0
2074,149070,0,0,0,0,0,0,0,0,0,0
2074,149100,0,0,0,0,0,0,0,0,0,0
2074,149130,0,0,0,0,0,0,0,0,0,0
2074,149160,0,0,0,0,0,0,0,0,0,0
2074,149190,0,0,0,0,0,0,0,0,0,0
2074,149220,0,0,0,0,0,0,0,0,0,0
2074,149250,0,0,0,0,0,0,0,0,0,0
2074,149280,0,0,0,0,0,0,0,0,0,0
2074,149310,0,0,0,0,0,0,0,0,0,0
2074,149340,0,0,0,0,0,0,0,0,0,0
2074,149370,0,0,0,0,0,0,0,0,0,0
2074,149400,0,0,0,0,0,0,0,0,0,0
2074,149430,0,0,0,0,0,0,0,0,0,0
2074,150180,0,0,0,0,0,0,0,0,0,0
2074,150210,0,0,0,0,0,0,0,0,0,0
2074,150240,0,0,0,0,0,0,0,0,0,0
2074,150270,0,0,0,0,0,0,0,0,0,0
2074,150300,0,0,0,0,0,0,0,0,0,0
2074,150330,0,0,0,0,0,0,0,0,0,0
2074,150360,0,0,0,0,0,0,0,0,0,0
2074,150390,0,0,0,0,0,0,0,0,0,0
2074,150420,0,0,0,0,0,0,0,0,0,0
2074,150450,0,0,0,0,0,0,0,0,0,0
2074,150480,0,0,0,0,0,0,0,0,0,0
2074,150510,0,0,0,0,0,0,0,0,0,0
2074,150540,0,0,0,0,0,0,0,0,0,0
2074,150570,0,0,0,0,0,0,0,0,0,0
2074,150600,0,0,0,0,0,0,0,0,0,0
2074,150630,0,0,0,0,0,0,0,0,0,0
2074,150660,0,0,0,0,0,0,0,0,0,0
2074,150690,0,0,0,0,0,0,0,0,0,0
2074,150720,0,0,0,0,0,0,0,0,0,0
2074,150750,0,0,0,0,0,0,0,0,0,0
2074,150780,0,0,0,0,0,0,0,0,0,0
2074,150810,0,0,0,0,0,0,0,0,0,0
2074,150840,0,0,0,0,0,0,0,0,0,0
2074,150870,0,0,0,0,0,0,0,0,0,0
2074,150900,0,0,0,0,0,0,0,0,0,0
2074,150930,0,0,0,0,0,0,0,0,0,0
2074,150960,0,0,0,0,0,0,0,0,0,0
2074,150990,0,0,0,0,0,0,0,0,0,0
2074,151020,0,0,0,0,0,0,0,0,0,0
2074,151050,0,0,0,0,0,0,0,0,0,0
2074,151080,0,0,0,0,0,0,0,0,0,0
2074,151110,0,0,0,0,0,0,0,0,0,0
2074,151140,0,0,0,0,0,0,0,0,0,0
2074,151170,0,0,0,0,0,0,0,0,0,0
2074,151200,0,0,0,0,0,0,0,0,0,0
2074,151230,0,0,0,0,0,0,0,0,0,0
2074,151260,0,0,0,0,0,0,0,0,0,0
2074,151290,0,0,0,0,0,0,0,0,0,0
2074,151320,0,0,0,0,0,0,0,0,0,0
2074,151350,0,0,0,0,0,0,0,0,0,0
2074,151380,0,0,0,0,0,0,0,0,0,0
2074,151410,0,0,0,0,0,0,0,0,0,0
2074,151440,0,0,0,0,0,0,0,0,0,0
2074,151470,0,0,0,0,0,0,0,0,0,0
2074,151500,0,0,0,0,0,0,0,0,0,0
2074,151530,0,0,0,0,0,0,0,0,0,0
2074,151560,0,0,0,0,0,0,0,0,0,0
2074,151590,0,0,0,0,0,0,0,0,0,0
2074,151620,0,0,0,0,0,0,0,0,0,0
2074,151650,0,0,0,0,0,0,0,0,0,0
2074,151680,0,0,0,0,0,0,0,0,0,0
2074,151710,0,0,0,0,0,0,0,0,0,0
2074,151740,0,0,0,0,0,0,0,0,0,0
2074,151770,0,0,0,0,0,0,0,0,0,0
2074,151800,0,0,0,0,0,0,0,0,0,0
2074,151830,0,0,0,0,0,0,0,0,0,0
2074,151860,0,0,0,0,0,0,0,0,0,0
2074,151890,0,0,0,0,0,0,0,0,0,0
2074,151920,0,0,0,0,0,0,0,0,0,0
2074,151950,0,0,0,0,0,0,0,0,0,0
2074,151980,0,0,0,0,0,0,0,0,0,0
2074,152010,0,0,0,0,0,0,0,0,0,0
2074,152040,0,0,0,0,0,0,0,0,0,0
2074,152070,0,0,0,0,0,0,0,0,0,0
2074,152100,0,0,0,0,0,0,0,0,0,0
2074,152130,0,0,0,0,0,0,0,0,0,0
2074,152160,0,0,0,0,0,0,0,0,0,0
2074,152190,0,0,0,0,0,0,0,0,0,0
2074,152220,0,0,0,0,0,0,0,0,0,0
2074,152250,0,0,0,0,0,0,0,0,0,0
2074,152280,0,0,0,0,0,0,0,0,0,0
2074,152310,0,0,0,0,0,0,0,0,0,0
2074,152340,0,0,0,0,0,0,0,0,0,0
2074,152370,0,0,0,0,0,0,0,0,0,0
2074,152400,0,0,0,0,0,0,0,0,0,0
2074,152430,0,0,0,0,0,0,0,0,0,0
2074,152460,0,0,0,0,0,0,0,0,0,0
2074,152490,0,0,0,0,0,0,0,0,0,0
2074,152520,0,0,0,0,0,0,0,0,0,0
2074,152550,0,0,0,0,0,0,0,0,0,0
2074,152580,0,0,0,0,0,0,0,0,0,0
2074,152610,0,0,0,0,0,0,0,0,0,0
2074,152640,0,0,0,0,0,0,0,0,0,0
2074,152670,0,0,0,0,0,0,0,0,0,0
2074,152700,0,0,0,0,0,0,0,0,0,0
2074,152730,0,0,0,0,0,0,0,0,0,0
2074,152760,0,0,0,0,0,0,0,0,0,0
2074,152790,0,0,0,0,0,0,0,0,0,0
2074,152820,0,0,0,0,0,0,0,0,0,0
2074,152850,0,0,0,0,0,0,0,0,0,0
2074,152880,0,0,0,0,0,0,0,0,0,0
2074,152910,0,0,0,0,0,0,0,0,0,0
2074,152940,0,0,0,0,0,0,0,0,0,0
2074,152970,0,0,0,0,0,0,0,0,0,0
2074,153000,0,0,0,0,0,0,0,0,0,0
2074,153030,0,0,0,0,0,0,0,0,0,0
2074,153060,0,0,0,0,0,0,0,0,0,0
2074,153090,0,0,0,0,0,0,0,0,0,0
2074,153120,0,0,0,0,0,0,0,0,0,0
2074,153150,0,0,0,0,0,0,0,0,0,0
2074,153180,0,0,0,0,0,0,0,0,0,0
2074,153210,0,0,0,0,0,0,0,0,0,0
2074,153240,0,0,0,0,0,0,0,0,0,0
2074,153270,0,0,0,0,0,0,0,0,0,0
2074,153300,0,0,0,0,0,0,0,0,0,0
2074,153330,0,0,0,0,0,0,0,0,0,0
2074,153360,0,0,0,0,0,0,0,0,0,0
2074,153390,0,0,0,0,0,0,0,0,0,0
2074,153420,0,0,0,0,0,0,0,0,0,0
2074,153450,0,0,0,0,0,0,0,0,0,0
2074,153480,0,0,0,0,0,0,0,0,0,0
2074,153510,0,0,0,0,0,0,0,0,0,0
2074,153540,0,0,0,0,0,0,0,0,0,0
2074,153570,0,0,0,0,0,0,0,0,0,0
2074,153600,0,0,0,0,0,0,0,0,0,0
2074,153630,0,0,0,0,0,0,0,0,0,0
2074,153660,0,0,0,0,0,0,0,0,0,0
2074,153690,0,0,0,0,0,0,0,0,0,0
2074,153720,0,0,0,0,0,0,0,0,0,0
2074,153750,0,0,0,0,0,0,0,0,0,0
2074,153780,0,0,0,0,0,0,0,0,0,0
2074,153810,0,0,0,0,0,0,0,0,0,0
2074,153840,0,0,0,0,0,0,0,0,0,0
2074,153870,0,0,0,0,0,0,0,0,0,0
2074,153900,0,0,0,0,0,0,0,0,0,0
2074,153930,0,0,0,0,0,0,0,0,0,0
2074,153960,0,0,0,0,0,0,0,0,0,0
2074,153990,0,0,0,0,0,0,0,0,0,0
2074,154020,0,0,0,0,0,0,0,0,0,0
2074,154050,0,0,0,0,0,0,0,0,0,0
2074,154080,0,0,0,0,0,0,0,0,0,0
2074,154110,0,0,0,0,0,0,0,0,0,0
2074,154140,0,0,0,0,0,0,0,0,0,0
2074,154170,0,0,0,0,0,0,0,0,0,0
2074,154200,0,0,0,0,0,0,0,0,0,0
2074,154230,0,0,0,0,0,0,0,0,0,0
2074,154260,0,0,0,0,0,0,0,0,0,0
2074,154290,0,0,0,0,0,0,0,0,0,0
2074,154320,0,0,0,0,0,0,0,0,0,0
2074,154350,0,0,0,0,0,0,0,0,0,0
2074,154380,0,0,0,0,0,0,0,0,0,0
2074,154410,0,0,0,0,0,0,0,0,0,0
2074,154440,0,0,0,0,0,0,0,0,0,0
2074,154470,0,0,0,0,0,0,0,0,0,0
2074,154500,0,0,0,0,0,0,0,0,0,0
2074,154530,0,0,0,0,0,0,0,0,0,0
2074,154560,0,0,0,0,0,0,0,0,0,0
2074,154590,0,0,0,0,0,0,0,0,0,0
2074,154620,0,0,0,0,0,0,0,0,0,0
2074,154650,0,0,0,0,0,0,0,0,0,0
2074,154680,0,0,0,0,0,0,0,0,0,0
2074,154710,0,0,0,0,0,0,0,0,0,0
2074,154740,0,0,0,0,0,0,0,0,0,0
2074,154770,0,0,0,0,0,0,0,0,0,0
2074,154800,0,0,0,0,0,0,0,0,0,0
2074,154830,0,0,0,0,0,0,0,0,0,0
2074,154860,0,0,0,0,0,0,0,0,0,0
2074,154890,0,0,0,0,0,0,0,0,0,0
2074,154920,0,0,0,0,0,0,0,0,0,0
2074,154950,0,0,0,0,0,0,0,0,0,0
2074,154980,0,0,0,0,0,0,0,0,0,0
2074,155010,0,0,0,0,0,0,0,0,0,0
2074,155040,0,0,0,0,0,0,0,0,0,0
2074,155070,0,0,0,0,0,0,0,0,0,0
2074,155100,0,0,0,0,0,0,0,0,0,0
2074,155130,0,0,0,0,0,0,0,0,0,0
2074,155160,0,0,0,0,0,0,0,0,0,0
2074,155190,0,0,0,0,0,0,0,0,0,0
2074,155220,0,0,0,0,0,0,0,0,0,0
2074,155250,0,0,0,0,0,0,0,0,0,0
2074,155280,0,0,0,0,0,0,0,0,0,0
2074,155310,0,0,0,0,0,0,0,0,0,0
2074,155340,0,0,0,0,0,0,0,0,0,0
2074,155370,0,0,0,0,0,0,0,0,0,0
2074,155400,0,0,0,0,0,0,0,0,0,0
2074,155430,0,0,0,0,0,0,0,0,0,0
2074,155460,0,0,0,0,0,0,0,0,0,0
2074,155490,0,0,0,0,0,0,0,0,0,0
2074,155520,0,0,0,0,0,0,0,0,0,0
2074,155550,0,0,0,0,0,0,0,0,0,0
2074,155580,0,0,0,0,0,0,0,0,0,0
2074,155610,0,0,0,0,0,0,0,0,0,0
2074,155640,0,0,0,0,0,0,0,0,0,0
2074,155670,0,0,0,0,0,0,0,0,0,0
2074,155700,0,0,0,0,0,0,0,0,0,0
2074,155730,0,0,0,0,0,0,0,0,0,0
2074,155760,0,0,0,0,0,0,0,0,0,0
2074,155790,0,0,0,0,0,0,0,0,0,0
2074,155820,0,0,0,0,0,0,0,0,0,0
2074,155850,0,0,0,0,0,0,0,0,0,0
2074,155880,0,0,0,0,0,0,0,0,0,0
2074,155910,0,0,0,0,0,0,0,0,0,0
2074,155940,0,0,0,0,0,0,0,0,0,0
2074,155970,0,0,0,0,0,0,0,0,0,0
2074,156000,0,0,0,0,0,0,0,0,0,0
2074,156030,0,0,0,0,0,0,0,0,0,0
2074,156060,0,0,0,0,0,0,0,0,0,0
2074,156090,0,0,0,0,0,0,0,0,0,0
2074,156120,0,0,0,0,0,0,0,0,0,0
2074,156150,0,0,0,0,0,0,0,0,0,0
2074,156180,0,0,0,0,0,0,0,0,0,0
2074,156210,0,0,0,0,0,0,0,0,0,0
2074,156240,0,0,0,0,0,0,0,0,0,0
2074,156270,0,0,0,0,0,0,0,0,0,0
2074,156300,0,0,0,0,0,0,0,0,0,0
2074,156330,0,0,0,0,0,0,0,0,0,0
2074,156360,0,0,0,0,0,0,0,0,0,0
2074,156390,0,0,0,0,0,0,0,0,0,0
2074,156420,0,0,0,0,0,0,0,0,0,0
2074,156450,0,0,0,0,0,0,0,0,0,0
2074,156480,0,0,0,0,0,0,0,0,0,0
2074,156510,0,0,0,0,0,0,0,0,0,0
2074,156540,0,0,0,0,0,0,0,0,0,0
2074,156570,0,0,0,0,0,0,0,0,0,0
2074,156600,0,0,0,0,0,0,0,0,0,0
2074,156630,0,0,0,0,0,0,0,0,0,0
2074,156660,0,0,0,0,0,0,0,0,0,0
2074,156690,0,0,0,0,0,0,0,0,0,0
2074,156720,0,0,0,0,0,0,0,0,0,0
2074,156750,0,0,0,0,0,0,0,0,0,0
2074,156780,0,0,0,0,0,0,0,0,0,0
2074,156810,0,0,0,0,0,0,0,0,0,0
2074,156840,0,0,0,0,0,0,0,0,0,0
2074,156870,0,0,0,0,0,0,0,0,0,0
2074,156900,0,0,0,0,0,0,0,0,0,0
2074,156930,0,0,0,0,0,0,0,0,0,0
2074,156960,0,0,0,0,0,0,0,0,0,0
2074,156990,0,0,0,0,0,0,0,0,0,0
2074,157020,0,0,0,0,0,0,0,0,0,0
2074,157050,0,0,0,0,0,0,0,0,0,0
2074,157080,0,0,0,0,0,0,0,0,0,0
2074,157110,0,0,0,0,0,0,0,0,0,0
2074,157140,0,0,0,0,0,0,0,0,0,0
2074,157170,0,0,0,0,0,0,0,0,0,0
2074,157200,0,0,0,0,0,0,0,0,0,0
2074,157230,0,0,0,0,0,0,0,0,0,0
2074,157260,0,0,0,0,0,0,0,0,0,0
2074,157290,0,0,0,0,0,0,0,0,0,0
2074,157320,0,0,0,0,0,0,0,0,0,0
2074,157350,0,0,0,0,0,0,0,0,0,0
2074,157380,0,0,0,0,0,0,0,0,0,0
2074,157410,0,0,0,0,0,0,0,0,0,0
2074,157440,0,0,0,0,0,0,0,0,0,0
2074,157470,0,0,0,0,0,0,0,0,0,0
2074,157500,0,0,0,0,0,0,0,0,0,0
2074,157530,0,0,0,0,0,0,0,0,0,0
2074,157560,0,0,0,0,0,0,0,0,0,0
2074,157590,0,0,0,0,0,0,0,0,0,0
2074,157620,0,0,0,0,0,0,0,0,0,0
2074,157650,0,0,0,0,0,0,0,0,0,0
2074,157680,0,0,0,0,0,0,0,0,0,0
2074,157710,0,0,0,0,0,0,0,0,0,0
2074,157740,0,0,0,0,0,0,0,0,0,0
2074,157770,0,0,0,0,0,0,0,0,0,0
2074,157800,0,0,0,0,0,0,0,0,0,0
2074,157830,0,0,0,0,0,0,0,0,0,0
2074,157860,0,0,0,0,0,0,0,0,0,0
2074,157890,0,0,0,0,0,0,0,0,0,0
2074,157920,0,0,0,0,0,0,0,0,0,0
2074,157950,0,0,0,0,0,0,0,0,0,0
2074,157980,0,0,0,0,0,0,0,0,0,0
2074,158010,0,0,0,0,0,0,0,0,0,0
2074,158040,0,0,0,0,0,0,0,0,0,0
2074,158070,0,0,0,0,0,0,0,0,0,0
2074,158100,0,0,0,0,0,0,0,0,0,0
2074,158130,0,0,0,0,0,0,0,0,0,0
2074,158160,0,0,0,0,0,0,0,0,0,0
2074,158190,0,0,0,0,0,0,0,0,0,0
2074,158220,0,0,0,0,0,0,0,0,0,0
2074,158250,0,0,0,0,0,0,0,0,0,0
2074,158280,0,0,0,0,0,0,0,0,0,0
2074,158310,0,0,0,0,0,0,0,0,0,0
2074,158340,0,0,0,0,0,0,0,0,0,0
2074,158370,0,0,0,0,0,0,0,0,0,0
2074,158400,0,0,0,0,0,0,0,0,0,0
2074,158430,0,0,0,0,0,0,0,0,0,0
2074,158460,0,0,0,0,0,0,0,0,0,0
2074,158490,0,0,0,0,0,0,0,0,0,0
2074,158520,0,0,0,0,0,0,0,0,0,0
2074,158550,0,0,0,0,0,0,0,0,0,0
2074,158580,0,0,0,0,0,0,0,0,0,0
2074,158610,0,0,0,0,0,0,0,0,0,0
2074,158640,0,0,0,0,0,0,0,0,0,0
2074,158670,0,0,0,0,0,0,0,0,0,0
2074,158700,0,0,0,0,0,0,0,0,0,0
2074,158730,0,0,0,0,0,0,0,0,0,0
2074,158760,0,0,0,0,0,0,0,0,0,0
2074,158790,0,0,0,0,0,0,0,0,0,0
2074,158820,0,0,0,0,0,0,0,0,0,0
2074,158850,0,0,0,0,0,0,0,0,0,0
2074,158880,0,0,0,0,0,0,0,0,0,0
2074,158910,0,0,0,0,0,0,0,0,0,0
2074,158940,0,0,0,0,0,0,0,0,0,0
2074,158970,0,0,0,0,0,0,0,0,0,0
2074,159000,0,0,0,0,0,0,0,0,0,0
2074,159030,0,0,0,0,0,0,0,0,0,0
2074,159060,0,0,0,0,0,0,0,0,0,0
2074,159090,0,0,0,0,0,0,0,0,0,0
2074,159120,0,0,0,0,0,0,0,0,0,0
2074,159150,0,0,0,0,0,0,0,0,0,0
2074,159180,0,0,0,0,0,0,0,0,0,0
2074,159210,0,0,0,0,0,0,0,0,0,0
2074,159240,0,0,0,0,0,0,0,0,0,0
2074,159270,0,0,0,0,0,0,0,0,0,0
2074,159300,0,0,0,0,0,0,0,0,0,0
2074,159330,0,0,0,0,0,0,0,0,0,0
2074,159360,0,0,0,0,0,0,0,0,0,0
2074,159390,0,0,0,0,0,0,0,0,0,0
2074,159420,0,0,0,0,0,0,0,0,0,0
2074,159450,0,0,0,0,0,0,0,0,0,0
2074,159480,0,0,0,0,0,0,0,0,0,0
2074,159510,0,0,0,0,0,0,0,0,0,0
2074,159540,0,0,0,0,0,0,0,0,0,0
2074,159570,0,0,0,0,0,0,0,0,0,0
2074,159600,0,0,0,0,0,0,0,0,0,0
2074,159630,0,0,0,0,0,0,0,0,0,0
2074,159660,0,0,0,0,0,0,0,0,0,0
2074,159690,0,0,0,0,0,0,0,0,0,0
2074,159720,0,0,0,0,0,0,0,0,0,0
2074,159750,0,0,0,0,0,0,0,0,0,0
2074,159780,0,0,0,0,0,0,0,0,0,0
2074,159810,0,0,0,0,0,0,0,0,0,0
2074,159840,0,0,0,0,0,0,0,0,0,0
2074,159870,0,0,0,0,0,0,0,0,0,0
2074,159900,0,0,0,0,0,0,0,0,0,0
2074,159930,0,0,0,0,0,0,0,0,0,0
2074,159960,0,0,0,0,0,0,0,0,0,0
2074,159990,0,0,0,0,0,0,0,0,0,0
2074,160020,0,0,0,0,0,0,0,0,0,0
2074,160050,0,0,0,0,0,0,0,0,0,0
2074,160080,0,0,0,0,0,0,0,0,0,0
2074,160110,0,0,0,0,0,0,0,0,0,0
2074,160140,0,0,0,0,0,0,0,0,0,0
2074,160170,0,0,0,0,0,0,0,0,0,0
2074,160200,0,0,0,0,0,0,0,0,0,0
2074,160230,0,0,0,0,0,0,0,0,0,0
2074,160260,0,0,0,0,0,0,0,0,0,0
2074,160290,0,0,0,0,0,0,0,0,0,0
2074,160320,0,0,0,0,0,0,0,0,0,0
2074,160350,0,0,0,0,0,0,0,0,0,0
2074,160380,0,0,0,0,0,0,0,0,0,0
2074,160410,0,0,0,0,0,0,0,0,0,0
2074,160440,0,0,0,0,0,0,0,0,0,0
2074,160470,0,0,0,0,0,0,0,0,0,0
2074,160500,0,0,0,0,0,0,0,0,0,0
2074,160530,0,0,0,0,0,0,0,0,0,0
2074,160560,0,0,0,0,0,0,0,0,0,0
2074,160590,0,0,0,0,0,0,0,0,0,0
2074,160620,0,0,0,0,0,0,0,0,0,0
2074,160650,0,0,0,0,0,0,0,0,0,0
2074,160680,0,0,0,0,0,0,0,0,0,0
2074,160710,0,0,0,0,0,0,0,0,0,0
2074,160740,0,0,0,0,0,0,0,0,0,0
2074,160770,0,0,0,0,0,0,0,0,0,0
2074,160800,0,0,0,0,0,0,0,0,0,0
2074,160830,0,0,0,0,0,0,0,0,0,0
2074,160860,0,0,0,0,0,0,0,0,0,0
2074,160890,0,0,0,0,0,0,0,0,0,0
2074,160920,0,0,0,0,0,0,0,0,0,0
2074,160950,0,0,0,0,0,0,0,0,0,0
2074,160980,0,0,0,0,0,0,0,0,0,0
2074,161010,0,0,0,0,0,0,0,0,0,0
2074,161040,0,0,0,0,0,0,0,0,0,0
2074,161070,0,0,0,0,0,0,0,0,0,0
2074,161100,0,0,0,0,0,0,0,0,0,0
2074,161130,0,0,0,0,0,0,0,0,0,0
2074,161160,0,0,0,0,0,0,0,0,0,0
2074,161190,0,0,0,0,0,0,0,0,0,0
2074,161220,0,0,0,0,0,0,0,0,0,0
2074,161250,0,0,0,0,0,0,0,0,0,0
2074,161280,0,0,0,0,0,0,0,0,0,0
2074,161310,0,0,0,0,0,0,0,0,0,0
2074,161340,0,0,0,0,0,0,0,0,0,0
2074,161370,0,0,0,0,0,0,0,0,0,0
2074,161400,0,0,0,0,0,0,0,0,0,0
2074,161430,0,0,0,0,0,0,0,0,0,0
2074,161460,0,0,0,0,0,0,0,0,0,0
2074,161490,0,0,0,0,0,0,0,0,0,0
2074,161520,0,0,0,0,0,0,0,0,0,0
2074,161550,0,0,0,0,0,0,0,0,0,0
2074,161580,0,0,0,0,0,0,0,0,0,0
2074,161610,0,0,0,0,0,0,0,0,0,0
2074,161640,0,0,0,0,0,0,0,0,0,0
2074,161670,0,0,0,0,0,0,0,0,0,0
2074,161700,0,0,0,0,0,0,0,0,0,0
2074,161730,0,0,0,0,0,0,0,0,0,0
2074,161760,0,0,0,0,0,0,0,0,0,0
2074,161790,0,0,0,0,0,0,0,0,0,0
2074,161820,0,0,0,0,0,0,0,0,0,0
2074,161850,0,0,0,0,0,0,0,0,0,0
2074,161880,0,0,0,0,0,0,0,0,0,0
2074,161910,0,0,0,0,0,0,0,0,0,0
2074,161940,0,0,0,0,0,0,0,0,0,0
2074,161970,0,0,0,0,0,0,0,0,0,0
2074,162000,0,0,0,0,0,0,0,0,0,0
2074,162030,0,0,0,0,0,0,0,0,0,0
2074,162060,0,0,0,0,0,0,0,0,0,0
2074,162090,0,0,0,0,0,0,0,0,0,0
2074,162120,0,0,0,0,0,0,0,0,0,0
2074,162150,0,0,0,0,0,0,0,0,0,0
2074,162180,0,0,0,0,0,0,0,0,0,0
2074,162210,0,0,0,0,0,0,0,0,0,0
2074,162240,0,0,0,0,0,0,0,0,0,0
2074,162270,0,0,0,0,0,0,0,0,0,0
2074,162300,0,0,0,0,0,0,0,0,0,0
2074,162330,0,0,0,0,0,0,0,0,0,0
2074,162360,0,0,0,0,0,0,0,0,0,0
2074,162390,0,0,0,0,0,0,0,0,0,0
2074,162420,0,0,0,0,0,0,0,0,0,0
2074,162450,0,0,0,0,0,0,0,0,0,0
2074,162480,0,0,0,0,0,0,0,0,0,0
2074,162510,0,0,0,0,0,0,0,0,0,0
2074,162540,0,0,0,0,0,0,0,0,0,0
2074,162570,0,0,0,0,0,0,0,0,0,0
2074,162600,0,0,0,0,0,0,0,0,0,0
2074,162630,0,0,0,0,0,0,0,0,0,0
2074,162660,0,0,0,0,0,0,0,0,0,0
2074,162690,0,0,0,0,0,0,0,0,0,0
2074,162720,0,0,0,0,0,0,0,0,0,0
2074,162750,0,0,0,0,0,0,0,0,0,0
2074,162780,0,0,0,0,0,0,0,0,0,0
2074,162810,0,0,0,0,0,0,0,0,0,0
2074,162840,0,0,0,0,0,0,0,0,0,0
2074,162870,0,0,0,0,0,0,0,0,0,0
2074,162900,0,0,0,0,0,0,0,0,0,0
2074,162930,0,0,0,0,0,0,0,0,0,0
2074,162960,0,0,0,0,0,0,0,0,0,0
2074,162990,0,0,0,0,0,0,0,0,0,0
2074,163020,0,0,0,0,0,0,0,0,0,0
2074,163050,0,0,0,0,0,0,0,0,0,0
2074,163080,0,0,0,0,0,0,0,0,0,0
2074,163110,0,0,0,0,0,0,0,0,0,0
2074,163140,0,0,0,0,0,0,0,0,0,0
2074,163170,0,0,0,0,0,0,0,0,0,0
2074,163200,0,0,0,0,0,0,0,0,0,0
2074,163230,0,0,0,0,0,0,0,0,0,0
2074,163260,0,0,0,0,0,0,0,0,0,0
2074,163290,0,0,0,0,0,0,0,0,0,0
2074,163320,0,0,0,0,0,0,0,0,0,0
2074,163350,0,0,0,0,0,0,0,0,0,0
2074,163380,0,0,0,0,0,0,0,0,0,0
2074,163410,0,0,0,0,0,0,0,0,0,0
2074,163440,0,0,0,0,0,0,0,0,0,0
2074,163470,0,0,0,0,0,0,0,0,0,0
2074,163500,0,0,0,0,0,0,0,0,0,0
2074,163530,0,0,0,0,0,0,0,0,0,0
2074,163560,0,0,0,0,0,0,0,0,0,0
2074,163590,0,0,0,0,0,0,0,0,0,0
2074,163620,0,0,0,0,0,0,0,0,0,0
2074,163650,0,0,0,0,0,0,0,0,0,0
2074,163680,0,0,0,0,0,0,0,0,0,0
2074,163710,0,0,0,0,0,0,0,0,0,0
2074,163740,0,0,0,0,0,0,0,0,0,0
2074,163770,0,0,0,0,0,0,0,0,0,0
2074,163800,0,0,0,0,0,0,0,0,0,0
2074,163830,0,0,0,0,0,0,0,0,0,0
2074,163860,0,0,0,0,0,0,0,0,0,0
2074,163890,0,0,0,0,0,0,0,0,0,0
2074,163920,0,0,0,0,0,0,0,0,0,0
2074,163950,0,0,0,0,0,0,0,0,0,0
2074,163980,0,0,0,0,0,0,0,0,0,0
2074,164010,0,0,0,0,0,0,0,0,0,0
2074,164040,0,0,0,0,0,0,0,0,0,0
2074,164070,0,0,0,0,0,0,0,0,0,0
2074,164100,0,0,0,0,0,0,0,0,0,0
2074,164130,0,0,0,0,0,0,0,0,0,0
2074,164160,0,0,0,0,0,0,0,0,0,0
2074,164190,0,0,0,0,0,0,0,0,0,0
2074,164220,0,0,0,0,0,0,0,0,0,0
2074,164250,0,0,0,0,0,0,0,0,0,0
2074,164280,0,0,0,0,0,0,0,0,0,0
2074,164310,0,0,0,0,0,0,0,0,0,0
2074,164340,0,0,0,0,0,0,0,0,0,0
2074,164370,0,0,0,0,0,0,0,0,0,0
2074,164400,0,0,0,0,0,0,0,0,0,0
2074,164430,0,0,0,0,0,0,0,0,0,0
2074,164460,0,0,0,0,0,0,0,0,0,0
2074,164490,0,0,0,0,0,0,0,0,0,0
2074,164520,0,0,0,0,0,0,0,0,0,0
2074,164550,0,0,0,0,0,0,0,0,0,0
2074,164580,0,0,0,0,0,0,0,0,0,0
2074,164610,0,0,0,0,0,0,0,0,0,0
2074,164640,0,0,0,0,0,0,0,0,0,0
2074,164670,0,0,0,0,0,0,0,0,0,0
2074,164700,0,0,0,0,0,0,0,0,0,0
2074,164730,0,0,0,0,0,0,0,0,0,0
2074,164760,0,0,0,0,0,0,0,0,0,0
2074,164790,0,0,0,0,0,0,0,0,0,0
2074,164820,0,0,0,0,0,0,0,0,0,0
2074,164850,0,0,0,0,0,0,0,0,0,0
2074,164880,0,0,0,0,0,0,0,0,0,0
2074,164910,0,0,0,0,0,0,0,0,0,0
2074,164940,0,0,0,0,0,0,0,0,0,0
2074,164970,0,0,0,0,0,0,0,0,0,0
2074,165000,0,0,0,0,0,0,0,0,0,0
2074,165030,0,0,0,0,0,0,0,0,0,0
2074,165060,0,0,0,0,0,0,0,0,0,0
2074,165090,0,0,0,0,0,0,0,0,0,0
2074,165120,0,0,0,0,0,0,0,0,0,0
2074,165150,0,0,0,0,0,0,0,0,0,0
2074,165180,0,0,0,0,0,0,0,0,0,0
2074,165210,0,0,0,0,0,0,0,0,0,0
2074,165240,0,0,0,0,0,0,0,0,0,0
2074,165270,0,0,0,0,0,0,0,0,0,0
2074,165300,0,0,0,0,0,0,0,0,0,0
2074,165330,0,0,0,0,0,0,0,0,0,0
2074,165360,0,0,0,0,0,0,0,0,0,0
2074,165390,0,0,0,0,0,0,0,0,0,0
2074,165420,0,0,0,0,0,0,0,0,0,0
2074,165450,0,0,0,0,0,0,0,0,0,0
2074,165480,0,0,0,0,0,0,0,0,0,0
2074,165510,0,0,0,0,0,0,0,0,0,0
2074,165540,0,0,0,0,0,0,0,0,0,0
2074,165570,0,0,0,0,0,0,0,0,0,0
2074,165600,0,0,0,0,0,0,0,0,0,0
2074,165630,0,0,0,0,0,0,0,0,0,0
2074,165660,0,0,0,0,0,0,0,0,0,0
2074,165690,0,0,0,0,0,0,0,0,0,0
2074,165720,0,0,0,0,0,0,0,0,0,0
2074,165750,0,0,0,0,0,0,0,0,0,0
2074,165780,0,0,0,0,0,0,0,0,0,0
2074,165810,0,0,0,0,0,0,0,0,0,0
2074,165840,0,0,0,0,0,0,0,0,0,0
2074,165870,0,0,0,0,0,0,0,0,0,0
2074,165900,0,0,0,0,0,0,0,0,0,0
2074,165930,0,0,0,0,0,0,0,0,0,0
2074,165960,0,0,0,0,0,0,0,0,0,0
2074,165990,0,0,0,0,0,0,0,0,0,0
2074,166020,0,0,0,0,0,0,0,0,0,0
2074,166050,0,0,0,0,0,0,0,0,0,0
2074,166080,0,0,0,0,0,0,0,0,0,0
2074,166110,0,0,0,0,0,0,0,0,0,0
2074,166140,0,0,0,0,0,0,0,0,0,0
2074,166170,0,0,0,0,0,0,0,0,0,0
2074,166200,0,0,0,0,0,0,0,0,0,0
2074,166230,0,0,0,0,0,0,0,0,0,0
2074,166260,0,0,0,0,0,0,0,0,0,0
2074,166290,0,0,0,0,0,0,0,0,0,0
2074,166320,0,0,0,0,0,0,0,0,0,0
2074,166350,0,0,0,0,0,0,0,0,0,0
2074,166380,0,0,0,0,0,0,0,0,0,0
2074,166410,0,0,0,0,0,0,0,0,0,0
2074,166440,0,0,0,0,0,0,0,0,0,0
2074,166470,0,0,0,0,0,0,0,0,0,0
2074,166500,0,0,0,0,0,0,0,0,0,0
2074,166530,0,0,0,0,0,0,0,0,0,0
2074,166560,0,0,0,0,0,0,0,0,0,0
2074,166590,0,0,0,0,0,0,0,0,0,0
2074,166620,0,0,0,0,0,0,0,0,0,0
2074,166650,0,0,0,0,0,0,0,0,0,0
2074,166680,0,0,0,0,0,0,0,0,0,0
2074,166710,0,0,0,0,0,0,0,0,0,0
2074,166740,0,0,0,0,0,0,0,0,0,0
2074,166770,0,0,0,0,0,0,0,0,0,0
2074,166800,0,0,0,0,0,0,0,0,0,0
2074,166830,0,0,0,0,0,0,0,0,0,0
2074,166860,0,0,0,0,0,0,0,0,0,0
2074,166890,0,0,0,0,0,0,0,0,0,0
2074,166920,0,0,0,0,0,0,0,0,0,0
2074,166950,0,0,0,0,0,0,0,0,0,0
2074,166980,0,0,0,0,0,0,0,0,0,0
2074,167010,0,0,0,0,0,0,0,0,0,0
2074,167040,0,0,0,0,0,0,0,0,0,0
2074,167070,0,0,0,0,0,0,0,0,0,0
2074,167100,0,0,0,0,0,0,0,0,0,0
2074,167130,0,0,0,0,0,0,0,0,0,0
2074,167160,0,0,0,0,0,0,0,0,0,0
2074,167190,0,0,0,0,0,0,0,0,0,0
2074,167220,0,0,0,0,0,0,0,0,0,0
2074,167250,0,0,0,0,0,0,0,0,0,0
2074,167280,0,0,0,0,0,0,0,0,0,0
2074,167310,0,0,0,0,0,0,0,0,0,0
2074,167340,0,0,0,0,0,0,0,0,0,0
2074,167370,0,0,0,0,0,0,0,0,0,0
2074,167400,0,0,0,0,0,0,0,0,0,0
2074,167430,0,0,0,0,0,0,0,0,0,0
2074,167460,0,0,0,0,0,0,0,0,0,0
2074,167490,0,0,0,0,0,0,0,0,0,0
2074,167520,0,0,0,0,0,0,0,0,0,0
2074,167550,0,0,0,0,0,0,0,0,0,0
2074,167580,0,0,0,0,0,0,0,0,0,0
2074,167610,0,0,0,0,0,0,0,0,0,0
2074,167640,0,0,0,0,0,0,0,0,0,0
2074,167670,0,0,0,0,0,0,0,0,0,0
2074,167700,0,0,0,0,0,0,0,0,0,0
2074,167730,0,0,0,0,0,0,0,0,0,0
2074,167760,0,0,0,0,0,0,0,0,0,0
2074,167790,0,0,0,0,0,0,0,0,0,0
2074,167820,0,0,0,0,0,0,0,0,0,0
2074,167850,0,0,0,0,0,0,0,0,0,0
2074,167880,0,0,0,0,0,0,0,0,0,0
2074,167910,0,0,0,0,0,0,0,0,0,0
2074,167940,0,0,0,0,0,0,0,0,0,0
2074,167970,0,0,0,0,0,0,0,0,0,0
2074,168000,0,0,0,0,0,0,0,0,0,0
2074,168030,0,0,0,0,0,0,0,0,0,0
2074,168060,0,0,0,0,0,0,0,0,0,0
2074,168090,0,0,0,0,0,0,0,0,0,0
2074,168120,0,0,0,0,0,0,0,0,0,0
2074,168150,0,0,0,0,0,0,0,0,0,0
2074,168180,0,0,0,0,0,0,0,0,0,0
2074,168210,0,0,0,0,0,0,0,0,0,0
2074,168240,0,0,0,0,0,0,0,0,0,0
2074,168270,0,0,0,0,0,0,0,0,0,0
2074,168300,0,0,0,0,0,0,0,0,0,0
2074,168330,0,0,0,0,0,0,0,0,0,0
2074,168360,0,0,0,0,0,0,0,0,0,0
2074,168390,0,0,0,0,0,0,0,0,0,0
2074,168420,0,0,0,0,0,0,0,0,0,0
2074,168450,0,0,0,0,0,0,0,0,0,0
2074,168480,0,0,0,0,0,0,0,0,0,0
2074,168510,0,0,0,0,0,0,0,0,0,0
2074,168540,0,0,0,0,0,0,0,0,0,0
2074,168570,0,0,0,0,0,0,0,0,0,0
2074,168600,0,0,0,0,0,0,0,0,0,0
2074,168630,0,0,0,0,0,0,0,0,0,0
2074,168660,0,0,0,0,0,0,0,0,0,0
2074,168690,0,0,0,0,0,0,0,0,0,0
2074,168720,0,0,0,0,0,0,0,0,0,0
2074,168750,0,0,0,0,0,0,0,0,0,0
2074,168780,0,0,0,0,0,0,0,0,0,0
2074,168810,0,0,0,0,0,0,0,0,0,0
2074,168840,0,0,0,0,0,0,0,0,0,0
2074,168870,0,0,0,0,0,0,0,0,0,0
2074,168900,0,0,0,0,0,0,0,0,0,0
2074,168930,0,0,0,0,0,0,0,0,0,0
2074,168960,0,0,0,0,0,0,0,0,0,0
2074,168990,0,0,0,0,0,0,0,0,0,0
2074,169020,0,0,0,0,0,0,0,0,0,0
2074,169050,0,0,0,0,0,0,0,0,0,0
2074,169080,0,0,0,0,0,0,0,0,0,0
2074,169110,0,0,0,0,0,0,0,0,0,0
2074,169140,0,0,0,0,0,0,0,0,0,0
2074,169170,0,0,0,0,0,0,0,0,0,0
2074,169200,0,0,0,0,0,0,0,0,0,0
2074,169230,0,0,0,0,0,0,0,0,0,0
2074,169260,0,0,0,0,0,0,0,0,0,0
2074,169290,0,0,0,0,0,0,0,0,0,0
2074,169320,0,0,0,0,0,0,0,0,0,0
2074,169350,0,0,0,0,0,0,0,0,0,0
2074,169380,0,0,0,0,0,0,0,0,0,0
2074,169410,0,0,0,0,0,0,0,0,0,0
2074,169440,0,0,0,0,0,0,0,0,0,0
2074,169470,0,0,0,0,0,0,0,0,0,0
2074,169500,0,0,0,0,0,0,0,0,0,0
2074,169530,0,0,0,0,0,0,0,0,0,0
2074,169560,0,0,0,0,0,0,0,0,0,0
2074,169590,0,0,0,0,0,0,0,0,0,0
2074,169620,0,0,0,0,0,0,0,0,0,0
2074,169650,0,0,0,0,0,0,0,0,0,0
2074,169680,0,0,0,0,0,0,0,0,0,0
2074,169710,0,0,0,0,0,0,0,0,0,0
2074,169740,0,0,0,0,0,0,0,0,0,0
2074,169770,0,0,0,0,0,0,0,0,0,0
2074,169800,0,0,0,0,0,0,0,0,0,0
2074,169830,0,0,0,0,0,0,0,0,0,0
2074,169860,0,0,0,0,0,0,0,0,0,0
2074,169890,0,0,0,0,0,0,0,0,0,0
2074,169920,0,0,0,0,0,0,0,0,0,0
2074,169950,0,0,0,0,0,0,0,0,0,0
2074,169980,0,0,0,0,0,0,0,0,0,0
2074,170010,0,0,0,0,0,0,0,0,0,0
2074,170040,0,0,0,0,0,0,0,0,0,0
2074,170070,0,0,0,0,0,0,0,0,0,0
2074,170100,0,0,0,0,0,0,0,0,0,0
2074,170130,0,0,0,0,0,0,0,0,0,0
2074,170160,0,0,0,0,0,0,0,0,0,0
2074,170190,0,0,0,0,0,0,0,0,0,0
2074,170220,0,0,0,0,0,0,0,0,0,0
2074,170250,0,0,0,0,0,0,0,0,0,0
2074,170280,0,0,0,0,0,0,0,0,0,0
2074,170310,0,0,0,0,0,0,0,0,0,0
2074,170340,0,0,0,0,0,0,0,0,0,0
2074,170370,0,0,0,0,0,0,0,0,0,0
2074,170400,0,0,0,0,0,0,0,0,0,0
2074,170430,0,0,0,0,0,0,0,0,0,0
2074,170460,0,0,0,0,0,0,0,0,0,0
2074,170490,0,0,0,0,0,0,0,0,0,0
2074,170520,0,0,0,0,0,0,0,0,0,0
2074,170550,0,0,0,0,0,0,0,0,0,0
2074,170580,0,0,0,0,0,0,0,0,0,0
2074,170610,0,0,0,0,0,0,0,0,0,0
2074,170640,0,0,0,0,0,0,0,0,0,0
2074,170670,0,0,0,0,0,0,0,0,0,0
2074,170700,0,0,0,0,0,0,0,0,0,0
2074,170730,0,0,0,0,0,0,0,0,0,0
2074,170760,0,0,0,0,0,0,0,0,0,0
2074,170790,0,0,0,0,0,0,0,0,0,0
2074,170820,0,0,0,0,0,0,0,0,0,0
2074,170850,0,0,0,0,0,0,0,0,0,0
2074,170880,0,0,0,0,0,0,0,0,0,0
2074,170910,0,0,0,0,0,0,0,0,0,0
2074,170940,0,0,0,0,0,0,0,0,0,0
2074,170970,0,0,0,0,0,0,0,0,0,0
2074,171000,0,0,0,0,0,0,0,0,0,0
2074,171030,0,0,0,0,0,0,0,0,0,0
2074,171060,0,0,0,0,0,0,0,0,0,0
2074,171090,0,0,0,0,0,0,0,0,0,0
2074,171120,0,0,0,0,0,0,0,0,0,0
2074,171150,0,0,0,0,0,0,0,0,0,0
2074,171180,0,0,0,0,0,0,0,0,0,0
2074,171210,0,0,0,0,0,0,0,0,0,0
2074,171240,0,0,0,0,0,0,0,0,0,0
2074,171270,0,0,0,0,0,0,0,0,0,0
2074,171300,0,0,0,0,0,0,0,0,0,0
2074,171330,0,0,0,0,0,0,0,0,0,0
2074,171360,0,0,0,0,0,0,0,0,0,0
2074,171390,0,0,0,0,0,0,0,0,0,0
2074,171420,0,0,0,0,0,0,0,0,0,0
2074,171450,0,0,0,0,0,0,0,0,0,0
2074,171480,0,0,0,0,0,0,0,0,0,0
2074,171510,0,0,0,0,0,0,0,0,0,0
2074,171540,0,0,0,0,0,0,0,0,0,0
2074,171570,0,0,0,0,0,0,0,0,0,0
2074,171600,0,0,0,0,0,0,0,0,0,0
2074,171630,0,0,0,0,0,0,0,0,0,0
2074,171660,0,0,0,0,0,0,0,0,0,0
2074,171690,0,0,0,0,0,0,0,0,0,0
2074,171720,0,0,0,0,0,0,0,0,0,0
2074,171750,0,0,0,0,0,0,0,0,0,0
2074,171780,0,0,0,0,0,0,0,0,0,0
2074,171810,0,0,0,0,0,0,0,0,0,0
2074,171840,0,0,0,0,0,0,0,0,0,0
2074,171870,0,0,0,0,0,0,0,0,0,0
2074,171900,0,0,0,0,0,0,0,0,0,0
2074,171930,0,0,0,0,0,0,0,0,0,0
2074,171960,0,0,0,0,0,0,0,0,0,0
2074,171990,0,0,0,0,0,0,0,0,0,0
2074,172020,0,0,0,0,0,0,0,0,0,0
2074,172050,0,0,0,0,0,0,0,0,0,0
2074,172080,0,0,0,0,0,0,0,0,0,0
2074,172110,0,0,0,0,0,0,0,0,0,0
2074,172140,0,0,0,0,0,0,0,0,0,0
2074,172170,0,0,0,0,0,0,0,0,0,0
2074,172200,0,0,0,0,0,0,0,0,0,0
2074,172230,0,0,0,0,0,0,0,0,0,0
2074,172260,0,0,0,0,0,0,0,0,0,0
2074,172290,0,0,0,0,0,0,0,0,0,0
2074,172320,0,0,0,0,0,0,0,0,0,0
2074,172350,0,0,0,0,0,0,0,0,0,0
2074,172380,0,0,0,0,0,0,0,0,0,0
2074,172410,0,0,0,0,0,0,0,0,0,0
2074,172440,0,0,0,0,0,0,0,0,0,0
2074,172470,0,0,0,0,0,0,0,0,0,0
2074,172500,0,0,0,0,0,0,0,0,0,0
2074,172530,0,0,0,0,0,0,0,0,0,0
2074,172560,0,0,0,0,0,0,0,0,0,0
2074,172590,0,0,0,0,0,0,0,0,0,0
2074,172620,0,0,0,0,0,0,0,0,0,0
2074,172650,0,0,0,0,0,0,0,0,0,0
2074,172680,0,0,0,0,0,0,0,0,0,0
2074,172710,0,0,0,0,0,0,0,0,0,0
2074,172740,0,0,0,0,0,0,0,0,0,0
2074,172770,0,0,0,0,0,0,0,0,0,0
